,Date,Open Interest,Producer/Merchant/Processor/User Longs,Producer/Merchant/Processor/User Shorts,Swap Dealer Longs,Swap Dealer Shorts,Swap Dealer Spreads,Money Manager Longs,Money Manager Shorts,Money Manager Spreads,Other Reportable Longs,Other Reportable Shorts,Other Reportable Spreads,Total Reportable Longs,Total Reportable Shorts,Non Reportable Longs,Non Reportable Shorts
0,2019-07-23,293748.0,11686.0,71661.0,53206.0,74778.0,24881.0,92638.0,38477.0,12217.0,18818.0,12943.0,46050.0,259497.0,281008.0,34252.0,12740.0
1,2019-07-16,269406.0,18048.0,64963.0,52586.0,66125.0,19082.0,79359.0,51263.0,11253.0,21397.0,11467.0,33587.0,235312.0,257740.0,34094.0,11666.0
2,2019-07-09,251401.0,18927.0,53779.0,52492.0,61511.0,17525.0,76443.0,60976.0,7938.0,17461.0,9936.0,28044.0,218829.0,239708.0,32572.0,11692.0
3,2019-07-02,254300.0,18792.0,58650.0,52510.0,63644.0,17644.0,81417.0,59655.0,8238.0,16659.0,9864.0,25556.0,220817.0,243252.0,33483.0,11048.0
4,2019-06-25,261136.0,24094.0,64775.0,51679.0,64143.0,16714.0,80107.0,56635.0,9433.0,16596.0,10351.0,26184.0,224807.0,248235.0,36329.0,12901.0
5,2019-06-18,275681.0,28614.0,60152.0,50893.0,53518.0,24830.0,73343.0,68595.0,15790.0,18630.0,9689.0,28207.0,240306.0,260782.0,35374.0,14898.0
6,2019-06-11,259262.0,28414.0,57725.0,50923.0,45247.0,20306.0,65103.0,73648.0,13405.0,17561.0,8596.0,25192.0,220905.0,244119.0,38356.0,15142.0
7,2019-06-04,246942.0,27677.0,52531.0,50834.0,37326.0,16711.0,56824.0,76755.0,14063.0,18020.0,8079.0,26037.0,210166.0,231502.0,36776.0,15440.0
8,2019-05-28,244631.0,31507.0,48591.0,55122.0,34273.0,13121.0,49327.0,88369.0,13769.0,21406.0,8380.0,22794.0,207046.0,229297.0,37585.0,15334.0
9,2019-05-21,243322.0,30558.0,48579.0,53477.0,36118.0,15028.0,51874.0,82734.0,12704.0,19395.0,8649.0,24909.0,207944.0,228720.0,35378.0,14602.0
10,2019-05-14,232018.0,28030.0,48539.0,50140.0,39954.0,14350.0,56775.0,71721.0,10999.0,18586.0,8935.0,20391.0,199271.0,214888.0,32747.0,17130.0
11,2019-05-07,227685.0,25735.0,44501.0,49401.0,45601.0,15693.0,55829.0,70722.0,9750.0,19719.0,7931.0,20320.0,196447.0,214517.0,31238.0,13168.0
12,2019-04-30,223856.0,22005.0,46353.0,50374.0,45864.0,16368.0,52150.0,66404.0,8760.0,23427.0,9006.0,19299.0,192382.0,212054.0,31474.0,11802.0
13,2019-04-23,253990.0,29907.0,56393.0,50850.0,42132.0,25741.0,49862.0,67732.0,13214.0,23792.0,8994.0,23847.0,217214.0,238052.0,36776.0,15938.0
14,2019-04-16,257624.0,28275.0,55800.0,48594.0,43547.0,32461.0,50324.0,61162.0,15503.0,23721.0,9088.0,22992.0,221871.0,240554.0,35753.0,17070.0
15,2019-04-09,240219.0,21541.0,54028.0,48409.0,53540.0,23503.0,49629.0,52102.0,14076.0,25329.0,7540.0,21312.0,203800.0,226101.0,36419.0,14118.0
16,2019-04-02,229934.0,18679.0,48630.0,48535.0,52503.0,19642.0,52251.0,54030.0,9133.0,25515.0,8216.0,23947.0,197703.0,216102.0,32232.0,13832.0
17,2019-03-26,220696.0,17411.0,52130.0,48476.0,60978.0,18579.0,52518.0,40257.0,7851.0,23596.0,9232.0,20481.0,188912.0,209507.0,31784.0,11189.0
18,2019-03-19,221570.0,17091.0,50483.0,48556.0,58607.0,19643.0,52256.0,42262.0,8892.0,20941.0,8863.0,21954.0,189332.0,210704.0,32237.0,10866.0
19,2019-03-12,221854.0,15080.0,51016.0,47193.0,57419.0,21967.0,51427.0,41794.0,10608.0,23352.0,6894.0,19567.0,189194.0,209266.0,32660.0,12589.0
20,2019-03-05,221471.0,13333.0,54233.0,48072.0,59373.0,23164.0,55164.0,37023.0,10059.0,20130.0,6942.0,19047.0,188968.0,209839.0,32502.0,11631.0
21,2019-02-26,235837.0,13635.0,61637.0,47014.0,77259.0,26374.0,73249.0,24936.0,7715.0,16995.0,7355.0,18702.0,203684.0,223978.0,32153.0,11859.0
22,2019-02-19,263313.0,19227.0,65570.0,47756.0,77123.0,32881.0,70462.0,31078.0,9356.0,19041.0,7093.0,26265.0,224987.0,249366.0,38326.0,13948.0
23,2019-02-12,256779.0,16316.0,64213.0,52153.0,81194.0,28812.0,72656.0,29586.0,8489.0,17396.0,6325.0,24116.0,219938.0,242736.0,36841.0,14044.0
24,2019-02-05,247628.0,11386.0,59566.0,51577.0,82541.0,23808.0,74517.0,25811.0,8160.0,15579.0,6710.0,27131.0,212158.0,233726.0,35470.0,13902.0
25,2019-01-29,233416.0,9531.0,55610.0,51645.0,79294.0,22103.0,66650.0,26001.0,8864.0,19817.0,5545.0,22182.0,200793.0,219599.0,32623.0,13818.0
26,2019-01-22,227247.0,9109.0,51896.0,51537.0,75063.0,20589.0,62875.0,27314.0,8294.0,20144.0,6470.0,23026.0,195576.0,212652.0,31671.0,14594.0
27,2019-01-15,233109.0,9256.0,55260.0,51535.0,78386.0,20546.0,65408.0,26059.0,9137.0,20310.0,6428.0,24439.0,200632.0,220255.0,32477.0,12854.0
28,2019-01-08,227999.0,8016.0,52844.0,50802.0,76107.0,20045.0,67836.0,25028.0,9541.0,19311.0,6744.0,22595.0,198145.0,212903.0,29853.0,15096.0
29,2018-12-31,214575.0,13018.0,53048.0,40484.0,59317.0,20251.0,60665.0,30324.0,7802.0,21973.0,6741.0,22396.0,186591.0,199879.0,27985.0,14696.0
30,2018-12-24,212016.0,13645.0,46104.0,42755.0,50238.0,20910.0,52721.0,44145.0,7381.0,22846.0,6584.0,22909.0,183167.0,198271.0,28849.0,13745.0
31,2018-12-18,209312.0,14070.0,45282.0,43634.0,47456.0,20794.0,48147.0,46235.0,7964.0,24100.0,7289.0,20928.0,179636.0,195948.0,29675.0,13364.0
32,2018-12-11,209886.0,15112.0,43697.0,45232.0,43753.0,21711.0,44456.0,53424.0,8651.0,24680.0,5869.0,19729.0,179572.0,196834.0,30314.0,13052.0
33,2018-12-04,214813.0,15181.0,39545.0,46548.0,37020.0,23469.0,41121.0,63298.0,11245.0,26584.0,6352.0,20356.0,184505.0,201285.0,30308.0,13528.0
34,2018-11-27,233955.0,17175.0,38817.0,47559.0,34437.0,33981.0,39931.0,71780.0,12625.0,26092.0,7256.0,21073.0,198435.0,219969.0,35520.0,13987.0
35,2018-11-20,266168.0,19384.0,39264.0,45835.0,33933.0,38942.0,42457.0,74969.0,29678.0,28167.0,6946.0,26870.0,231335.0,250603.0,34834.0,15565.0
36,2018-11-13,262305.0,20177.0,44687.0,45121.0,26983.0,32104.0,45303.0,84149.0,28675.0,29704.0,8276.0,21641.0,222726.0,246515.0,39578.0,15790.0
37,2018-11-06,247676.0,19215.0,54620.0,46760.0,31977.0,26328.0,48011.0,68345.0,24343.0,24911.0,7365.0,20981.0,210549.0,233959.0,37127.0,13718.0
38,2018-10-30,242956.0,18543.0,50543.0,53020.0,32045.0,24403.0,51290.0,75867.0,16804.0,25190.0,9356.0,17211.0,206460.0,226228.0,36496.0,16728.0
39,2018-10-23,236140.0,16614.0,49154.0,53161.0,35029.0,20174.0,50957.0,72166.0,16784.0,23979.0,8422.0,19001.0,200670.0,220730.0,35469.0,15410.0
40,2018-10-16,235905.0,17141.0,44242.0,53381.0,32097.0,20738.0,46288.0,79442.0,17386.0,25338.0,7631.0,18951.0,199223.0,220487.0,36683.0,15418.0
41,2018-10-09,235417.0,18498.0,40332.0,53274.0,28936.0,20151.0,46679.0,86944.0,17071.0,24847.0,7540.0,19138.0,199658.0,220113.0,35759.0,15305.0
42,2018-10-02,234028.0,19184.0,41159.0,52700.0,32363.0,17866.0,50918.0,87235.0,16000.0,24639.0,6760.0,17779.0,199087.0,219163.0,34941.0,14865.0
43,2018-09-25,235267.0,20639.0,37777.0,51887.0,30195.0,16042.0,53274.0,95683.0,15674.0,25634.0,7382.0,16258.0,199408.0,219011.0,35858.0,16255.0
44,2018-09-18,243400.0,24415.0,37015.0,50227.0,29554.0,16704.0,54704.0,99761.0,15490.0,24870.0,6562.0,20812.0,207220.0,225897.0,36180.0,17503.0
45,2018-09-11,246406.0,23137.0,35053.0,52716.0,29323.0,16367.0,55621.0,101902.0,15709.0,25443.0,7485.0,22881.0,211874.0,228719.0,34532.0,17687.0
46,2018-09-04,248296.0,24913.0,37716.0,54403.0,27634.0,15500.0,57827.0,105307.0,14417.0,25156.0,7835.0,22086.0,214302.0,230494.0,33994.0,17802.0
47,2018-08-28,255709.0,24450.0,45357.0,53048.0,31571.0,20357.0,62314.0,96843.0,16020.0,24530.0,6914.0,20782.0,221501.0,237845.0,34208.0,17864.0
48,2018-08-21,280745.0,23370.0,47569.0,51182.0,35951.0,28144.0,65415.0,90788.0,23127.0,25444.0,7551.0,28253.0,244935.0,261383.0,35809.0,19362.0
49,2018-08-14,271488.0,23547.0,52236.0,53652.0,38871.0,17145.0,68804.0,88991.0,23882.0,24757.0,7508.0,23578.0,235367.0,252212.0,36121.0,19276.0
50,2018-08-07,263610.0,20843.0,54071.0,52688.0,42844.0,14631.0,69479.0,82004.0,18892.0,24322.0,7471.0,26597.0,227452.0,246510.0,36158.0,17100.0
51,2018-07-31,253061.0,17488.0,52177.0,53442.0,44140.0,14690.0,69833.0,76511.0,17135.0,20171.0,7526.0,23176.0,215935.0,235355.0,37125.0,17705.0
52,2018-07-24,245971.0,18485.0,51874.0,53802.0,41786.0,13354.0,65582.0,76925.0,14566.0,21925.0,7553.0,21628.0,209343.0,227686.0,36628.0,18285.0
53,2018-07-17,240689.0,18217.0,54262.0,52829.0,43121.0,12401.0,63420.0,71289.0,11142.0,23389.0,7225.0,22721.0,204119.0,222162.0,36569.0,18527.0
54,2018-07-10,232753.0,18661.0,57172.0,49418.0,50725.0,11683.0,69075.0,60819.0,10150.0,21080.0,5937.0,18716.0,198784.0,215202.0,33969.0,17551.0
55,2018-07-03,229938.0,18746.0,57617.0,50087.0,51137.0,11379.0,72798.0,62147.0,7662.0,19612.0,5705.0,16429.0,196714.0,212076.0,33225.0,17862.0
56,2018-06-26,238557.0,17643.0,60174.0,50745.0,57922.0,11708.0,74361.0,52195.0,11612.0,18447.0,6966.0,20785.0,205301.0,221362.0,33256.0,17195.0
57,2018-06-19,245032.0,19015.0,65544.0,47988.0,59611.0,14210.0,75128.0,47064.0,11923.0,17639.0,6533.0,25563.0,211466.0,230448.0,33566.0,14584.0
58,2018-06-12,255771.0,19027.0,72860.0,46956.0,60628.0,14018.0,83917.0,43740.0,14066.0,17118.0,8445.0,27678.0,222779.0,241434.0,32993.0,14338.0
59,2018-06-05,233889.0,22127.0,64777.0,51849.0,46102.0,10371.0,63407.0,59112.0,11654.0,20146.0,6678.0,21888.0,201442.0,220583.0,32447.0,13306.0
60,2018-05-29,228386.0,24326.0,65144.0,52230.0,45996.0,8891.0,59913.0,59049.0,11808.0,21191.0,6474.0,17376.0,195734.0,214737.0,32652.0,13649.0
61,2018-05-22,219753.0,26236.0,63615.0,50193.0,44540.0,7804.0,56439.0,56871.0,10242.0,20736.0,5796.0,17154.0,188803.0,206022.0,30950.0,13731.0
62,2018-05-15,220221.0,25754.0,56687.0,52253.0,39654.0,8489.0,49473.0,65525.0,10532.0,22228.0,6500.0,18402.0,187130.0,205788.0,33091.0,14433.0
63,2018-05-08,216701.0,24944.0,52999.0,52188.0,41103.0,7707.0,47739.0,67145.0,10971.0,23658.0,5438.0,16636.0,183844.0,202000.0,32857.0,14702.0
64,2018-05-01,215894.0,25333.0,50950.0,51670.0,38233.0,8493.0,43359.0,66688.0,12134.0,23972.0,8801.0,15812.0,180774.0,201112.0,35120.0,14781.0
65,2018-04-24,225058.0,25745.0,57954.0,47215.0,45739.0,11365.0,46449.0,41752.0,16896.0,18837.0,13228.0,24863.0,191370.0,211797.0,33688.0,13261.0
66,2018-04-17,237903.0,27474.0,53353.0,47443.0,37227.0,10291.0,40289.0,54751.0,29128.0,24045.0,11936.0,26153.0,204824.0,222839.0,33079.0,15064.0
67,2018-04-10,248694.0,27797.0,49107.0,47306.0,29575.0,16083.0,34401.0,70818.0,30449.0,28531.0,8926.0,29649.0,214216.0,234606.0,34478.0,14088.0
68,2018-04-03,250575.0,27933.0,52640.0,48006.0,25268.0,17169.0,33840.0,73444.0,25438.0,30154.0,8991.0,33994.0,216534.0,236945.0,34041.0,13630.0
69,2018-03-27,236447.0,25211.0,52460.0,47278.0,26575.0,16188.0,32371.0,66224.0,22431.0,26559.0,7952.0,30620.0,200658.0,222450.0,35790.0,13998.0
70,2018-03-20,235781.0,26867.0,51953.0,47720.0,25953.0,16619.0,33495.0,68667.0,20449.0,28736.0,7585.0,28068.0,201954.0,219293.0,33827.0,16488.0
71,2018-03-13,218835.0,21568.0,56781.0,45279.0,28668.0,15587.0,38837.0,55025.0,22329.0,26126.0,8521.0,17851.0,187578.0,204762.0,31257.0,14073.0
72,2018-03-06,215736.0,21810.0,59098.0,44903.0,28738.0,15069.0,41856.0,52688.0,18548.0,25480.0,9772.0,17025.0,184690.0,200937.0,31046.0,14799.0
73,2018-02-27,209999.0,23844.0,60334.0,49196.0,27070.0,15411.0,36480.0,53073.0,14622.0,25004.0,10980.0,13147.0,177705.0,194636.0,32294.0,15362.0
74,2018-02-20,225595.0,25252.0,64186.0,48805.0,28857.0,20461.0,36306.0,46738.0,20277.0,24782.0,10825.0,19158.0,195041.0,210502.0,30554.0,15093.0
75,2018-02-13,215820.0,23461.0,61808.0,46572.0,30148.0,18204.0,37590.0,45526.0,14404.0,25432.0,10047.0,19666.0,185328.0,199802.0,30492.0,16018.0
76,2018-02-06,226421.0,24330.0,62845.0,45381.0,37807.0,13418.0,38708.0,35226.0,30825.0,23858.0,11622.0,19895.0,196415.0,211637.0,30007.0,14785.0
77,2018-01-30,217923.0,18874.0,66892.0,45659.0,45197.0,11209.0,50036.0,23718.0,22564.0,21519.0,15960.0,18903.0,188764.0,204443.0,29160.0,13480.0
78,2018-01-23,220555.0,21311.0,64374.0,45768.0,44061.0,13199.0,53858.0,30237.0,17000.0,21530.0,16840.0,19017.0,191682.0,204728.0,28873.0,15827.0
79,2018-01-16,217193.0,18689.0,64791.0,46011.0,50345.0,11437.0,59992.0,26977.0,15101.0,18873.0,15461.0,18015.0,188117.0,202125.0,29077.0,15068.0
80,2018-01-09,214266.0,18704.0,64513.0,46218.0,50594.0,10481.0,66227.0,28166.0,10198.0,17348.0,17530.0,18446.0,187621.0,199928.0,26645.0,14338.0
81,2018-01-02,210638.0,18497.0,60196.0,47869.0,43611.0,10870.0,54753.0,38747.0,13268.0,19993.0,13486.0,17478.0,182728.0,197656.0,27910.0,12982.0
82,2017-12-26,216083.0,19072.0,52924.0,51480.0,38304.0,12939.0,48558.0,55663.0,12782.0,24015.0,13366.0,16345.0,185191.0,202323.0,30891.0,13760.0
83,2017-12-19,222746.0,18652.0,52811.0,52263.0,36247.0,13416.0,47169.0,61145.0,11944.0,28551.0,13911.0,18581.0,190576.0,208054.0,32171.0,14693.0
84,2017-12-12,221480.0,17980.0,52333.0,50430.0,40260.0,14480.0,47896.0,53321.0,11744.0,27312.0,14397.0,17922.0,187763.0,204457.0,33717.0,17023.0
85,2017-12-05,208139.0,16393.0,59202.0,38639.0,41959.0,12785.0,58140.0,36085.0,8763.0,25755.0,17747.0,16332.0,176808.0,192872.0,31331.0,15268.0
86,2017-11-28,196994.0,14461.0,71763.0,32219.0,47754.0,10074.0,69912.0,13407.0,7253.0,19824.0,18298.0,15162.0,168905.0,183710.0,28089.0,13283.0
87,2017-11-21,217094.0,15067.0,77819.0,31600.0,48448.0,14469.0,77119.0,12699.0,10214.0,19751.0,17955.0,22077.0,190297.0,203682.0,26797.0,13412.0
88,2017-11-14,218312.0,13639.0,76202.0,31835.0,49466.0,14826.0,78199.0,10183.0,11756.0,18748.0,18552.0,23079.0,192082.0,204063.0,26230.0,14250.0
89,2017-11-07,221197.0,13400.0,74804.0,31164.0,50901.0,16037.0,77103.0,11642.0,16272.0,21463.0,19304.0,18602.0,194040.0,207562.0,27156.0,13634.0
90,2017-10-31,216413.0,12777.0,70760.0,32801.0,45403.0,14208.0,73096.0,15310.0,17118.0,21225.0,19990.0,18745.0,189969.0,201534.0,26443.0,14879.0
91,2017-10-24,213656.0,10473.0,72870.0,34088.0,47941.0,13383.0,75196.0,10341.0,16238.0,18838.0,19659.0,19830.0,188046.0,200262.0,25611.0,13395.0
92,2017-10-17,211894.0,11780.0,71538.0,33089.0,47987.0,10913.0,73977.0,10470.0,17048.0,19257.0,19836.0,20274.0,186337.0,198064.0,25557.0,13830.0
93,2017-10-10,208832.0,11620.0,68300.0,33101.0,46970.0,10291.0,70339.0,13912.0,16648.0,20517.0,18594.0,21070.0,183586.0,195783.0,25247.0,13050.0
94,2017-10-03,201415.0,11246.0,67733.0,32988.0,45304.0,9575.0,68808.0,12504.0,14609.0,21228.0,18951.0,19332.0,177787.0,188009.0,23628.0,13406.0
95,2017-09-26,204363.0,11908.0,71539.0,34964.0,47636.0,9671.0,69804.0,11267.0,12899.0,20904.0,19832.0,18230.0,178380.0,191075.0,25983.0,13288.0
96,2017-09-19,216503.0,11272.0,74554.0,33775.0,49531.0,11274.0,78173.0,10832.0,13613.0,20106.0,20377.0,21672.0,189886.0,201853.0,26618.0,14651.0
97,2017-09-12,213333.0,11002.0,77252.0,33440.0,52289.0,10347.0,81329.0,6182.0,12414.0,19015.0,20210.0,18794.0,186341.0,197488.0,26991.0,15845.0
98,2017-09-05,208863.0,10778.0,74156.0,34800.0,47906.0,10981.0,73057.0,11526.0,12569.0,21054.0,20162.0,16701.0,179941.0,194001.0,28922.0,14862.0
99,2017-08-29,203513.0,10485.0,67753.0,35246.0,43549.0,13420.0,70655.0,18227.0,9975.0,21032.0,21155.0,14528.0,175342.0,188608.0,28171.0,14905.0
100,2017-08-22,212586.0,13071.0,64292.0,37139.0,41107.0,14042.0,68264.0,24586.0,15064.0,22295.0,22110.0,16084.0,185959.0,197286.0,26627.0,15300.0
101,2017-08-15,212354.0,14348.0,61485.0,37546.0,38634.0,12798.0,67461.0,30932.0,14835.0,23185.0,21739.0,15103.0,185275.0,195526.0,27078.0,16827.0
102,2017-08-08,216874.0,16628.0,57977.0,38355.0,36480.0,12203.0,66183.0,38812.0,18807.0,24074.0,18800.0,15132.0,191384.0,198212.0,25490.0,18662.0
103,2017-08-01,228711.0,16915.0,57479.0,39026.0,38754.0,11928.0,66062.0,43181.0,26927.0,25613.0,18448.0,16038.0,202509.0,212757.0,26202.0,15954.0
104,2017-07-25,231420.0,17612.0,54881.0,42875.0,36356.0,11258.0,61773.0,52885.0,24907.0,28081.0,17538.0,17070.0,203576.0,214895.0,27844.0,16526.0
105,2017-07-18,233563.0,18042.0,51341.0,44449.0,34011.0,11535.0,58435.0,64890.0,22479.0,30608.0,15523.0,17120.0,202668.0,216899.0,30896.0,16664.0
106,2017-07-11,231044.0,18451.0,52022.0,44647.0,36261.0,9852.0,55373.0,60775.0,23343.0,33638.0,15255.0,15499.0,200803.0,213007.0,30241.0,18037.0
107,2017-07-03,222201.0,17852.0,56846.0,39626.0,40172.0,10125.0,59991.0,58137.0,19173.0,30773.0,7063.0,12870.0,190411.0,204386.0,31790.0,17815.0
108,2017-06-27,221162.0,17593.0,59537.0,35062.0,43644.0,12765.0,64793.0,52366.0,18382.0,28203.0,5530.0,13555.0,190353.0,205779.0,30809.0,15383.0
109,2017-06-20,221734.0,17358.0,64533.0,32541.0,44541.0,14026.0,68996.0,42216.0,17445.0,25391.0,6519.0,16710.0,192468.0,205990.0,29266.0,15744.0
110,2017-06-13,221413.0,14794.0,69272.0,30906.0,49185.0,12637.0,77553.0,33381.0,16188.0,24350.0,8261.0,17284.0,193711.0,206208.0,27702.0,15206.0
111,2017-06-06,229983.0,15606.0,72315.0,31551.0,50839.0,12284.0,78032.0,28214.0,23666.0,22783.0,7290.0,20636.0,204558.0,215245.0,25426.0,14739.0
112,2017-05-30,224617.0,15239.0,67903.0,32063.0,50519.0,12130.0,70798.0,28764.0,25056.0,24645.0,6240.0,18695.0,198627.0,209308.0,25990.0,15309.0
113,2017-05-23,227086.0,14965.0,62092.0,32501.0,49757.0,13489.0,68599.0,38913.0,22205.0,27312.0,6214.0,19813.0,198884.0,212482.0,28202.0,14604.0
114,2017-05-16,235305.0,15019.0,58065.0,33413.0,48997.0,13219.0,69310.0,51012.0,22927.0,30462.0,5686.0,19398.0,203749.0,219304.0,31557.0,16001.0
115,2017-05-09,216680.0,13374.0,60951.0,29836.0,53351.0,11337.0,68339.0,34797.0,17452.0,26479.0,5960.0,17475.0,184292.0,201322.0,32388.0,15358.0
116,2017-05-02,206378.0,11683.0,68048.0,27141.0,58811.0,10280.0,78371.0,23772.0,14136.0,23398.0,6185.0,11860.0,176869.0,193093.0,29510.0,13286.0
117,2017-04-25,229629.0,10655.0,80226.0,26905.0,66812.0,10460.0,99320.0,19119.0,20963.0,21622.0,7395.0,12967.0,202892.0,217941.0,26737.0,11687.0
118,2017-04-18,247423.0,11573.0,86824.0,27336.0,71028.0,13106.0,110269.0,13724.0,21918.0,18482.0,9565.0,17199.0,219882.0,233364.0,27540.0,14059.0
119,2017-04-11,240137.0,13068.0,86233.0,26735.0,70040.0,12525.0,114151.0,15306.0,11888.0,18090.0,9933.0,19417.0,215875.0,225342.0,24261.0,14795.0
120,2017-04-04,236784.0,14276.0,85744.0,26834.0,69310.0,11513.0,107861.0,14178.0,16070.0,18837.0,10051.0,16068.0,211460.0,222934.0,25324.0,13850.0
121,2017-03-28,219093.0,13947.0,79922.0,27310.0,64252.0,12090.0,92977.0,11376.0,14737.0,19338.0,9488.0,14448.0,194848.0,206314.0,24245.0,12779.0
122,2017-03-21,211364.0,14596.0,75614.0,26486.0,60488.0,13138.0,78623.0,13551.0,16350.0,21511.0,6865.0,14073.0,184776.0,200079.0,26588.0,11284.0
123,2017-03-14,207399.0,14441.0,75138.0,24720.0,63067.0,13492.0,80552.0,12716.0,12231.0,21929.0,6534.0,13547.0,180912.0,196725.0,26488.0,10674.0
124,2017-03-07,209717.0,15040.0,79923.0,25612.0,67268.0,11176.0,94277.0,10911.0,8159.0,19089.0,8715.0,11932.0,185285.0,198083.0,24432.0,11634.0
125,2017-02-28,214558.0,17045.0,82039.0,27646.0,70422.0,11072.0,94733.0,10879.0,8368.0,19540.0,8558.0,10651.0,189056.0,201991.0,25503.0,12568.0
126,2017-02-21,228042.0,15099.0,78365.0,29533.0,68002.0,13653.0,87798.0,12323.0,18030.0,19155.0,7848.0,17507.0,200775.0,215727.0,27267.0,12316.0
127,2017-02-14,214400.0,14021.0,75668.0,29578.0,66888.0,10988.0,82597.0,11851.0,11141.0,20562.0,7444.0,17725.0,186611.0,201704.0,27788.0,12695.0
128,2017-02-07,212440.0,13532.0,73334.0,30445.0,63216.0,11982.0,76885.0,12493.0,15807.0,20278.0,7498.0,15284.0,184213.0,199614.0,28227.0,12826.0
129,2017-01-31,203688.0,12968.0,72076.0,30199.0,60539.0,11378.0,76194.0,13230.0,11958.0,20013.0,7732.0,14837.0,177548.0,191751.0,26139.0,11936.0
130,2017-01-24,195310.0,12270.0,66016.0,30478.0,59466.0,10414.0,70912.0,15803.0,12970.0,20499.0,5701.0,13233.0,170777.0,183603.0,24533.0,11707.0
131,2017-01-17,189926.0,12177.0,63573.0,28254.0,58471.0,10547.0,66383.0,15631.0,12427.0,23634.0,5617.0,11186.0,164607.0,177453.0,25319.0,12474.0
132,2017-01-10,182082.0,10598.0,59655.0,25605.0,55835.0,10667.0,64202.0,18033.0,10061.0,23845.0,5741.0,10770.0,155748.0,170762.0,26334.0,11320.0
133,2017-01-03,180740.0,11512.0,60992.0,25432.0,52242.0,11069.0,61416.0,19417.0,9074.0,25240.0,6154.0,10777.0,154521.0,169726.0,26219.0,11014.0
134,2016-12-27,179624.0,11190.0,59741.0,25475.0,51551.0,10610.0,58496.0,19398.0,9337.0,26082.0,6393.0,11401.0,152591.0,168431.0,27034.0,11193.0
135,2016-12-20,180884.0,11743.0,60356.0,25054.0,51241.0,11352.0,59556.0,16197.0,10033.0,23988.0,6423.0,12894.0,154620.0,168496.0,26263.0,12388.0
136,2016-12-13,180788.0,11275.0,63892.0,24504.0,53834.0,10849.0,59607.0,13627.0,10261.0,27362.0,6239.0,10299.0,154156.0,168999.0,26631.0,11788.0
137,2016-12-06,176146.0,12477.0,61082.0,24413.0,52277.0,10882.0,56028.0,15403.0,8698.0,25110.0,6473.0,10660.0,148268.0,165476.0,27877.0,10670.0
138,2016-11-29,172916.0,11989.0,60892.0,23875.0,51286.0,10512.0,57110.0,14269.0,8640.0,22342.0,5966.0,10695.0,145164.0,162259.0,27752.0,10657.0
139,2016-11-22,185304.0,12578.0,63540.0,23070.0,51605.0,15571.0,58473.0,15627.0,8700.0,23992.0,6346.0,12214.0,154598.0,173603.0,30707.0,11701.0
140,2016-11-15,199357.0,13494.0,63471.0,23515.0,55427.0,20341.0,64683.0,16076.0,9524.0,23217.0,6427.0,15482.0,170256.0,186747.0,29101.0,12610.0
141,2016-11-08,212306.0,12931.0,66874.0,25042.0,57381.0,21664.0,72776.0,15262.0,14702.0,18432.0,6975.0,17145.0,182693.0,200004.0,29613.0,12302.0
142,2016-11-01,220888.0,15618.0,65644.0,25623.0,56164.0,23397.0,67625.0,18565.0,16510.0,23411.0,7023.0,18242.0,190427.0,205545.0,30461.0,15343.0
143,2016-10-25,222653.0,16442.0,64276.0,26529.0,55715.0,20042.0,66606.0,25927.0,18115.0,26031.0,6838.0,19094.0,192860.0,210007.0,29794.0,12646.0
144,2016-10-18,215459.0,16138.0,65294.0,26246.0,55553.0,17248.0,69102.0,25930.0,14091.0,25558.0,6734.0,18266.0,186650.0,203117.0,28809.0,12342.0
145,2016-10-11,213588.0,16278.0,66641.0,25771.0,56550.0,15935.0,72710.0,25018.0,12227.0,25525.0,7680.0,16680.0,185126.0,200731.0,28462.0,12857.0
146,2016-10-04,222837.0,14850.0,69747.0,24329.0,63971.0,14885.0,89114.0,22695.0,11378.0,23139.0,10958.0,16183.0,193879.0,209818.0,28959.0,13019.0
147,2016-09-27,224215.0,13942.0,77336.0,26806.0,67931.0,12518.0,97846.0,19952.0,8870.0,20880.0,10827.0,14032.0,194896.0,211467.0,29319.0,12748.0
148,2016-09-20,220278.0,15216.0,74304.0,26928.0,68456.0,9846.0,95077.0,21604.0,9806.0,20226.0,7734.0,15604.0,192703.0,207355.0,27575.0,12923.0
149,2016-09-13,220570.0,14803.0,73862.0,27174.0,68475.0,9610.0,95258.0,22077.0,10199.0,20063.0,8468.0,15135.0,192242.0,207827.0,28327.0,12743.0
150,2016-09-06,226878.0,14830.0,73722.0,28141.0,73062.0,8955.0,101154.0,18944.0,9431.0,19876.0,9946.0,16185.0,198573.0,210245.0,28305.0,16633.0
151,2016-08-30,213927.0,15106.0,71219.0,27154.0,70156.0,8191.0,94409.0,20251.0,8186.0,21707.0,8541.0,14151.0,188905.0,200695.0,25022.0,13231.0
152,2016-08-23,236831.0,15501.0,72630.0,27280.0,72342.0,11651.0,98096.0,19104.0,11440.0,21358.0,13581.0,21538.0,206864.0,222286.0,29967.0,14545.0
153,2016-08-16,237176.0,17247.0,74429.0,28427.0,76138.0,10164.0,101027.0,16925.0,8571.0,20263.0,15564.0,20557.0,206255.0,222348.0,30921.0,14828.0
154,2016-08-09,241689.0,17663.0,75661.0,28092.0,77664.0,8050.0,103455.0,14323.0,12127.0,20611.0,15188.0,22786.0,212783.0,225800.0,28906.0,15889.0
155,2016-08-02,259649.0,18922.0,79636.0,28769.0,81192.0,9309.0,104208.0,11667.0,18812.0,21319.0,17078.0,27749.0,229088.0,245442.0,30561.0,14207.0
156,2016-07-26,245633.0,20216.0,78825.0,25326.0,77120.0,9358.0,104658.0,8077.0,15995.0,20122.0,17902.0,23210.0,218885.0,230486.0,26748.0,15147.0
157,2016-07-19,252086.0,22304.0,79753.0,25858.0,77857.0,10459.0,98990.0,7607.0,17791.0,22126.0,16382.0,25861.0,223389.0,235710.0,28696.0,16376.0
158,2016-07-12,248166.0,24910.0,78123.0,27200.0,77058.0,10626.0,92745.0,7402.0,17370.0,21841.0,17049.0,24682.0,219374.0,232310.0,28792.0,15856.0
159,2016-07-05,242878.0,25067.0,78822.0,28817.0,76441.0,10326.0,90101.0,9579.0,17298.0,21824.0,14784.0,21249.0,214683.0,228500.0,28195.0,14378.0
160,2016-06-28,232748.0,22873.0,77439.0,29912.0,73311.0,9901.0,87788.0,9731.0,18746.0,20468.0,12708.0,16576.0,206264.0,218413.0,26484.0,14335.0
161,2016-06-21,233666.0,23385.0,75049.0,29792.0,70629.0,10659.0,86691.0,11536.0,16232.0,19762.0,12807.0,20661.0,207181.0,217572.0,26485.0,16094.0
162,2016-06-14,227489.0,24411.0,71697.0,30090.0,66782.0,10494.0,76381.0,15446.0,15659.0,20706.0,10513.0,20957.0,198697.0,211548.0,28792.0,15941.0
163,2016-06-07,216070.0,24476.0,67013.0,27530.0,59119.0,11290.0,67536.0,18640.0,15441.0,18783.0,9223.0,21132.0,186188.0,201858.0,29882.0,14212.0
164,2016-05-31,221264.0,25453.0,69848.0,25789.0,59389.0,15399.0,70075.0,16404.0,14509.0,19311.0,10121.0,20892.0,191429.0,206563.0,29836.0,14701.0
165,2016-05-24,233995.0,26157.0,71082.0,26524.0,61899.0,15524.0,76101.0,17227.0,18616.0,19514.0,11253.0,22534.0,204970.0,218134.0,29025.0,15861.0
166,2016-05-17,240123.0,22813.0,75775.0,27856.0,65187.0,15702.0,83231.0,16249.0,15605.0,21275.0,11143.0,23920.0,210400.0,223579.0,29723.0,16544.0
167,2016-05-10,237078.0,22482.0,76291.0,27891.0,66293.0,14627.0,85581.0,13925.0,14106.0,20956.0,12336.0,22434.0,208077.0,220012.0,29001.0,17066.0
168,2016-05-03,230244.0,24461.0,78044.0,29831.0,67093.0,12849.0,79905.0,12913.0,12522.0,19142.0,10473.0,21972.0,200682.0,215865.0,29562.0,14379.0
169,2016-04-26,234280.0,22200.0,78925.0,29027.0,64708.0,15125.0,79002.0,8782.0,12303.0,20231.0,11138.0,24917.0,202804.0,215897.0,31476.0,18383.0
170,2016-04-19,226176.0,21366.0,76649.0,30874.0,61335.0,11960.0,75710.0,9397.0,14572.0,18404.0,12400.0,20552.0,193437.0,206865.0,32739.0,19312.0
171,2016-04-12,210170.0,20282.0,69272.0,30257.0,54677.0,10006.0,68399.0,13514.0,12217.0,18487.0,10627.0,21217.0,180865.0,191530.0,29305.0,18640.0
172,2016-04-05,198756.0,19316.0,58420.0,28306.0,48833.0,9658.0,59619.0,17379.0,17781.0,18681.0,9485.0,20805.0,174166.0,182361.0,24590.0,16395.0
173,2016-03-29,194255.0,16368.0,60504.0,27850.0,51797.0,9652.0,58483.0,15568.0,14981.0,19256.0,8269.0,19820.0,166409.0,180589.0,27847.0,13666.0
174,2016-03-22,199143.0,15705.0,65164.0,28104.0,55613.0,11541.0,61592.0,9183.0,14034.0,18947.0,8609.0,20605.0,170528.0,184750.0,28615.0,14394.0
175,2016-03-15,186097.0,16067.0,61132.0,27698.0,52058.0,9338.0,56962.0,7817.0,14435.0,17661.0,9785.0,18341.0,160500.0,172906.0,25597.0,13191.0
176,2016-03-08,190949.0,16947.0,61682.0,28853.0,53371.0,9096.0,57125.0,9586.0,14294.0,20189.0,9756.0,18886.0,165390.0,176672.0,25559.0,14277.0
177,2016-03-01,179620.0,17165.0,59348.0,27966.0,50059.0,9266.0,56725.0,11484.0,8851.0,20047.0,11168.0,16163.0,156185.0,166340.0,23435.0,13280.0
178,2016-02-23,198104.0,15350.0,61348.0,26397.0,52361.0,11714.0,59333.0,11696.0,17604.0,20364.0,8231.0,21251.0,172013.0,184205.0,26091.0,13899.0
179,2016-02-16,190411.0,13724.0,57665.0,26570.0,51314.0,12711.0,57949.0,13134.0,13306.0,19351.0,7359.0,21852.0,165461.0,177341.0,24950.0,13070.0
180,2016-02-09,187348.0,14352.0,52663.0,26790.0,48180.0,11428.0,56072.0,19430.0,13322.0,19092.0,5653.0,20051.0,161108.0,170727.0,26241.0,16621.0
181,2016-02-02,174157.0,15692.0,45737.0,27098.0,41866.0,10805.0,50071.0,25941.0,13385.0,19408.0,6090.0,14566.0,151025.0,158390.0,23132.0,15767.0
182,2016-01-26,170134.0,15318.0,43640.0,25725.0,41551.0,10617.0,49403.0,25231.0,12188.0,17955.0,6061.0,14975.0,146181.0,154263.0,23953.0,15871.0
183,2016-01-19,176946.0,16523.0,40937.0,26108.0,37326.0,12606.0,48349.0,32771.0,8753.0,18490.0,6188.0,22066.0,152894.0,160647.0,24052.0,16299.0
184,2016-01-12,183072.0,17353.0,39864.0,27118.0,34558.0,11951.0,49743.0,41871.0,8372.0,20494.0,6914.0,22302.0,157332.0,165832.0,25740.0,17240.0
185,2016-01-05,182490.0,19268.0,40766.0,26934.0,33538.0,11758.0,48115.0,41197.0,9849.0,20385.0,6744.0,22213.0,158521.0,166065.0,23968.0,16425.0
186,2015-12-29,179819.0,18289.0,41002.0,27356.0,33950.0,11827.0,48386.0,42104.0,9762.0,19000.0,5408.0,20267.0,154886.0,164320.0,24933.0,15499.0
187,2015-12-22,177460.0,18066.0,40955.0,26934.0,34488.0,11915.0,48982.0,39643.0,10058.0,18134.0,5142.0,20180.0,154269.0,162381.0,23192.0,15079.0
188,2015-12-15,184398.0,20539.0,39014.0,29036.0,33169.0,11456.0,49552.0,47917.0,8924.0,20265.0,7632.0,19460.0,159232.0,167572.0,25166.0,16827.0
189,2015-12-08,179726.0,18326.0,41998.0,29076.0,35522.0,11054.0,51068.0,43127.0,8829.0,18010.0,5868.0,18395.0,154759.0,164794.0,24967.0,14932.0
190,2015-12-01,179448.0,17451.0,40979.0,29868.0,35731.0,11564.0,53313.0,42866.0,7866.0,18594.0,7836.0,15638.0,154295.0,162480.0,25153.0,16968.0
191,2015-11-24,185795.0,20857.0,44171.0,29922.0,35010.0,13541.0,51657.0,42795.0,9111.0,17870.0,7859.0,16703.0,159661.0,169190.0,26135.0,16605.0
192,2015-11-17,205127.0,22213.0,48380.0,29060.0,36080.0,23516.0,51054.0,38880.0,12332.0,17942.0,7482.0,21409.0,177524.0,188079.0,27603.0,17049.0
193,2015-11-10,194564.0,19591.0,53266.0,25839.0,39598.0,19457.0,52842.0,26908.0,11109.0,16172.0,6104.0,22143.0,167153.0,178584.0,27411.0,15980.0
194,2015-11-03,195630.0,15963.0,58271.0,24012.0,45518.0,16404.0,58553.0,10454.0,15967.0,15655.0,8678.0,25185.0,171739.0,180476.0,23891.0,15153.0
195,2015-10-27,198192.0,16728.0,58679.0,23093.0,46129.0,16438.0,62009.0,10424.0,15239.0,16308.0,9991.0,25525.0,175340.0,182424.0,22851.0,15767.0
196,2015-10-20,199965.0,17823.0,57426.0,24740.0,45824.0,17110.0,58484.0,13594.0,16428.0,15773.0,9498.0,25414.0,175773.0,185294.0,24192.0,14671.0
197,2015-10-13,193964.0,17499.0,54926.0,26122.0,41719.0,18884.0,54156.0,14986.0,15434.0,15663.0,8773.0,23191.0,170950.0,177913.0,23014.0,16051.0
198,2015-10-06,189055.0,18158.0,51973.0,27945.0,38173.0,20438.0,47701.0,22408.0,15141.0,16798.0,6829.0,20039.0,166219.0,175001.0,22836.0,14054.0
199,2015-09-29,187479.0,18161.0,43638.0,31737.0,33322.0,23295.0,42632.0,33556.0,11465.0,15517.0,4717.0,22388.0,165193.0,172381.0,22286.0,15098.0
200,2015-09-22,184440.0,17805.0,43918.0,30269.0,33553.0,24427.0,42746.0,28231.0,9827.0,15148.0,6761.0,22209.0,162431.0,168926.0,22009.0,15514.0
201,2015-09-15,192211.0,20867.0,40455.0,32074.0,32894.0,25034.0,42214.0,39843.0,9944.0,16595.0,5694.0,22530.0,169258.0,176394.0,22954.0,15817.0
202,2015-09-08,188264.0,22891.0,43065.0,31727.0,36349.0,21999.0,41418.0,33944.0,10434.0,16034.0,5592.0,21570.0,166073.0,172953.0,22191.0,15311.0
203,2015-09-01,189477.0,19107.0,40652.0,36578.0,37292.0,23005.0,39376.0,35546.0,10441.0,17944.0,4754.0,20783.0,167234.0,172474.0,22243.0,17003.0
204,2015-08-25,206797.0,22632.0,46461.0,36031.0,39118.0,29960.0,41308.0,38362.0,11656.0,19824.0,4366.0,21487.0,182898.0,191409.0,23899.0,15388.0
205,2015-08-18,211505.0,22953.0,44739.0,35662.0,39313.0,29866.0,43252.0,41007.0,11490.0,18219.0,4527.0,23866.0,185309.0,194809.0,26197.0,16697.0
206,2015-08-11,214347.0,20773.0,41265.0,36910.0,39544.0,27665.0,44321.0,42844.0,13368.0,22259.0,6102.0,26568.0,191864.0,197355.0,22483.0,16992.0
207,2015-08-04,223435.0,24589.0,41092.0,39430.0,38716.0,29621.0,42766.0,51092.0,14436.0,25878.0,7160.0,23894.0,200614.0,206011.0,22821.0,17424.0
208,2015-07-28,226324.0,25206.0,41329.0,41674.0,39855.0,29506.0,43783.0,54230.0,14722.0,24917.0,6765.0,23722.0,203531.0,210130.0,22792.0,16194.0
209,2015-07-21,228979.0,23821.0,40132.0,44039.0,40763.0,29520.0,44022.0,55537.0,12953.0,23676.0,6435.0,25930.0,203961.0,211270.0,25018.0,17708.0
210,2015-07-14,220486.0,21630.0,38295.0,43762.0,42861.0,27291.0,45251.0,52286.0,13109.0,21365.0,4934.0,24926.0,197335.0,203702.0,23152.0,16784.0
211,2015-07-07,232152.0,22705.0,37502.0,45311.0,45571.0,26727.0,47098.0,57427.0,15922.0,24400.0,6925.0,23356.0,205518.0,213430.0,26634.0,18722.0
212,2015-06-30,225812.0,22814.0,41536.0,44659.0,47428.0,22799.0,46263.0,55401.0,14552.0,26235.0,7113.0,21351.0,198672.0,210180.0,27140.0,15632.0
213,2015-06-23,244705.0,20140.0,43406.0,44263.0,51036.0,33336.0,48045.0,53139.0,17662.0,25766.0,5032.0,25396.0,214608.0,229006.0,30097.0,15699.0
214,2015-06-16,235652.0,20242.0,40939.0,44708.0,53229.0,32951.0,47205.0,44950.0,16445.0,20004.0,6577.0,24970.0,206525.0,220062.0,29127.0,15591.0
215,2015-06-09,233460.0,20421.0,44554.0,41981.0,54619.0,32657.0,46268.0,35874.0,15990.0,19953.0,7210.0,27072.0,204343.0,217975.0,29117.0,15485.0
216,2015-06-02,218424.0,22783.0,55334.0,37470.0,61650.0,29540.0,48707.0,12207.0,16654.0,13613.0,4106.0,26123.0,194889.0,205613.0,23535.0,12811.0
217,2015-05-26,211741.0,22469.0,57072.0,34790.0,60969.0,28103.0,52258.0,10703.0,15042.0,12780.0,3888.0,23329.0,188770.0,199106.0,22971.0,12635.0
218,2015-05-19,215725.0,23156.0,57313.0,33499.0,61005.0,28989.0,53439.0,12407.0,16434.0,12631.0,3294.0,23972.0,192120.0,203415.0,23605.0,12311.0
219,2015-05-12,214091.0,23742.0,46732.0,37075.0,50682.0,30526.0,45010.0,31480.0,15601.0,17733.0,3652.0,21981.0,191667.0,200653.0,22424.0,13438.0
220,2015-05-05,214135.0,22996.0,46013.0,36489.0,49379.0,30956.0,44983.0,33821.0,16526.0,18178.0,3220.0,21318.0,191445.0,201231.0,22690.0,12904.0
221,2015-04-28,216310.0,23118.0,44088.0,36283.0,47769.0,31969.0,43121.0,37591.0,16580.0,18804.0,3161.0,20780.0,190655.0,201938.0,25655.0,14372.0
222,2015-04-21,226327.0,20856.0,43683.0,36940.0,46251.0,40882.0,40912.0,31851.0,20178.0,17322.0,3942.0,24470.0,201560.0,211257.0,24767.0,15070.0
223,2015-04-14,220588.0,21353.0,47486.0,34064.0,49911.0,36480.0,43623.0,23096.0,21079.0,15248.0,3232.0,25979.0,197827.0,207264.0,22761.0,13324.0
224,2015-04-07,209918.0,23154.0,51276.0,33291.0,53377.0,31870.0,46882.0,17950.0,16049.0,14274.0,3513.0,23148.0,188667.0,197184.0,21251.0,12734.0
225,2015-03-31,210090.0,23122.0,50647.0,31898.0,52065.0,31856.0,49464.0,19599.0,14648.0,13818.0,2915.0,24718.0,189524.0,196449.0,20566.0,13641.0
226,2015-03-24,215908.0,25247.0,46742.0,32339.0,49897.0,33042.0,45659.0,26411.0,18287.0,15982.0,3621.0,23807.0,194363.0,201806.0,21546.0,14102.0
227,2015-03-17,224088.0,26615.0,44672.0,32947.0,45028.0,38040.0,43238.0,31599.0,19777.0,17703.0,5542.0,23413.0,201733.0,208072.0,22355.0,16017.0
228,2015-03-10,213018.0,22626.0,42996.0,32695.0,45762.0,34824.0,42024.0,26452.0,19792.0,15537.0,5471.0,22347.0,189845.0,197645.0,23174.0,15374.0
229,2015-03-03,205293.0,21210.0,45745.0,32022.0,47729.0,32730.0,40540.0,19920.0,19103.0,15870.0,5127.0,21004.0,182479.0,191359.0,22814.0,13934.0
230,2015-02-24,207996.0,22917.0,47341.0,32020.0,50516.0,34836.0,44319.0,15038.0,18355.0,13262.0,4813.0,22121.0,187832.0,193022.0,20163.0,14974.0
231,2015-02-17,226319.0,25818.0,54296.0,33940.0,52354.0,37386.0,46976.0,15447.0,19769.0,12764.0,4305.0,27000.0,203652.0,210556.0,22666.0,15762.0
232,2015-02-10,216549.0,25861.0,56738.0,32318.0,53852.0,32829.0,47451.0,10465.0,19164.0,13031.0,4614.0,23403.0,194057.0,201065.0,22493.0,15485.0
233,2015-02-03,217635.0,26066.0,58043.0,32004.0,55299.0,33850.0,47693.0,9919.0,16228.0,16251.0,4648.0,23908.0,196000.0,201895.0,21635.0,15740.0
234,2015-01-27,211261.0,25267.0,60018.0,30635.0,56260.0,30661.0,49102.0,8938.0,14421.0,16706.0,4735.0,22295.0,189087.0,197328.0,22174.0,13933.0
235,2015-01-20,213115.0,25840.0,58692.0,31510.0,52222.0,32730.0,46031.0,12407.0,15575.0,14007.0,4098.0,23632.0,189324.0,199356.0,23791.0,13759.0
236,2015-01-13,204159.0,25004.0,54755.0,32232.0,46443.0,31199.0,43142.0,17575.0,14581.0,14913.0,3637.0,21520.0,182592.0,189711.0,21567.0,14449.0
237,2015-01-06,198317.0,25404.0,52243.0,33705.0,43817.0,29574.0,40301.0,20681.0,13962.0,12339.0,3323.0,20742.0,176026.0,184343.0,22291.0,13974.0
238,2014-12-30,194574.0,24279.0,51055.0,34867.0,44167.0,27754.0,38857.0,21806.0,13419.0,12744.0,3120.0,20260.0,172181.0,181581.0,22393.0,12993.0
239,2014-12-23,194998.0,24237.0,50269.0,37499.0,43044.0,27763.0,38403.0,23491.0,13634.0,11433.0,3189.0,20301.0,173270.0,181690.0,21728.0,13308.0
240,2014-12-16,202850.0,24538.0,49460.0,37088.0,45128.0,30511.0,38467.0,23482.0,14480.0,12382.0,2888.0,22521.0,179986.0,188468.0,22864.0,14381.0
241,2014-12-09,197326.0,21042.0,46955.0,36467.0,45712.0,29425.0,39534.0,19584.0,14778.0,11534.0,4019.0,21128.0,173908.0,181602.0,23418.0,15724.0
242,2014-12-02,198388.0,22002.0,45286.0,38169.0,41396.0,29733.0,38926.0,24498.0,15123.0,10755.0,4433.0,20851.0,175560.0,181319.0,22828.0,17069.0
243,2014-11-25,204624.0,20039.0,43087.0,38839.0,37835.0,33285.0,40499.0,31673.0,15090.0,11471.0,5723.0,21406.0,180630.0,188100.0,23994.0,16524.0
244,2014-11-18,252081.0,25347.0,43002.0,39237.0,35571.0,57042.0,39560.0,38815.0,21463.0,11612.0,6309.0,31851.0,226113.0,234054.0,25969.0,18028.0
245,2014-11-11,249767.0,22535.0,41032.0,40380.0,34716.0,54328.0,39385.0,41368.0,22937.0,12364.0,6016.0,30847.0,222776.0,231244.0,26992.0,18523.0
246,2014-11-04,246984.0,25484.0,43240.0,43204.0,32492.0,47436.0,38735.0,44898.0,23485.0,12718.0,6411.0,28887.0,219948.0,226848.0,27035.0,20136.0
247,2014-10-28,231831.0,25718.0,42121.0,42649.0,35468.0,37603.0,36494.0,46815.0,20595.0,15119.0,4896.0,26474.0,204652.0,213972.0,27178.0,17859.0
248,2014-10-21,231717.0,26594.0,42482.0,42240.0,36768.0,36878.0,36745.0,45382.0,22096.0,14733.0,4691.0,25539.0,204825.0,213836.0,26892.0,17881.0
249,2014-10-14,231831.0,26381.0,41897.0,40350.0,36735.0,36082.0,36072.0,45161.0,23328.0,15719.0,4817.0,25765.0,203696.0,213786.0,28135.0,18045.0
250,2014-10-07,234169.0,27175.0,43305.0,41944.0,37495.0,35443.0,36631.0,43702.0,23587.0,15248.0,5189.0,26474.0,206502.0,215196.0,27668.0,18973.0
251,2014-09-30,234230.0,27641.0,45420.0,41473.0,36890.0,33480.0,38799.0,44872.0,22663.0,15381.0,6471.0,25456.0,204892.0,215251.0,29339.0,18979.0
252,2014-09-23,226200.0,28049.0,45731.0,39821.0,36571.0,29561.0,36134.0,41028.0,24429.0,15140.0,5253.0,24587.0,197722.0,207160.0,28478.0,19040.0
253,2014-09-16,216889.0,27096.0,45507.0,38035.0,41376.0,24429.0,37635.0,42192.0,21870.0,17363.0,4901.0,20545.0,186973.0,200820.0,29915.0,16068.0
254,2014-09-09,207596.0,22654.0,45166.0,37999.0,44744.0,22055.0,39206.0,36969.0,20078.0,17310.0,4698.0,19007.0,178309.0,192717.0,29287.0,14879.0
255,2014-09-02,203678.0,19972.0,42626.0,38162.0,48234.0,21270.0,41593.0,35329.0,18757.0,16467.0,3696.0,18685.0,174907.0,188597.0,28772.0,15081.0
256,2014-08-26,204530.0,21881.0,46137.0,36117.0,50717.0,22903.0,41404.0,27686.0,19591.0,13635.0,3945.0,18988.0,174520.0,189968.0,30010.0,14562.0
257,2014-08-19,212249.0,20735.0,45739.0,35152.0,50239.0,28149.0,40535.0,24012.0,20130.0,13095.0,3633.0,24293.0,182089.0,196196.0,30160.0,16053.0
258,2014-08-12,204366.0,19255.0,46912.0,32305.0,52419.0,27174.0,41554.0,18048.0,19034.0,13009.0,3523.0,22875.0,175206.0,189984.0,29160.0,14382.0
259,2014-08-05,202761.0,16314.0,46510.0,34843.0,55525.0,23702.0,42712.0,13647.0,22196.0,11851.0,4447.0,22649.0,174266.0,188675.0,28495.0,14086.0
260,2014-07-29,202658.0,15551.0,47860.0,32361.0,60599.0,23622.0,49029.0,7330.0,22347.0,10816.0,5273.0,23389.0,177115.0,190419.0,25543.0,12239.0
261,2014-07-22,210580.0,15084.0,48670.0,30771.0,59915.0,24701.0,52570.0,6349.0,24860.0,11478.0,6693.0,26094.0,185559.0,197283.0,25021.0,13297.0
262,2014-07-15,209481.0,15846.0,49752.0,30459.0,58050.0,23924.0,53941.0,7146.0,24510.0,11302.0,6298.0,25255.0,185238.0,194935.0,24243.0,14546.0
263,2014-07-08,208924.0,15930.0,47432.0,31573.0,60592.0,24298.0,53951.0,9434.0,22723.0,11908.0,6920.0,23312.0,183694.0,194712.0,25230.0,14212.0
264,2014-07-01,202625.0,17897.0,46400.0,31168.0,57125.0,24348.0,47755.0,11058.0,21837.0,11797.0,6498.0,21917.0,176720.0,189184.0,25905.0,13441.0
265,2014-06-24,209495.0,20593.0,47761.0,31219.0,49393.0,30977.0,40839.0,16082.0,21508.0,12172.0,6126.0,23854.0,181162.0,195701.0,28334.0,13794.0
266,2014-06-17,207691.0,22640.0,42768.0,36761.0,39026.0,29435.0,34632.0,29498.0,21716.0,11783.0,4515.0,25047.0,182015.0,192004.0,25676.0,15687.0
267,2014-06-10,202778.0,21435.0,41072.0,41727.0,34168.0,22886.0,33178.0,39301.0,19515.0,12795.0,5023.0,24964.0,176501.0,186929.0,26277.0,15849.0
268,2014-06-03,203560.0,21498.0,39916.0,44320.0,32652.0,23802.0,32331.0,42933.0,20380.0,14329.0,6051.0,20669.0,177329.0,186404.0,26231.0,17156.0
269,2014-05-27,195586.0,22773.0,41736.0,42326.0,35115.0,22371.0,31651.0,38648.0,17681.0,13789.0,4388.0,19572.0,170164.0,179510.0,25423.0,16077.0
270,2014-05-20,190361.0,22034.0,42228.0,41527.0,36769.0,21901.0,31588.0,33536.0,17186.0,12307.0,4540.0,19140.0,165683.0,175299.0,24678.0,15061.0
271,2014-05-13,190136.0,22947.0,44413.0,40137.0,36421.0,21724.0,32648.0,30952.0,17059.0,12098.0,4191.0,19054.0,165667.0,173814.0,24470.0,16322.0
272,2014-05-06,188890.0,22359.0,44935.0,40301.0,36339.0,21684.0,32710.0,31722.0,16967.0,11493.0,3953.0,18318.0,163832.0,173919.0,25058.0,14971.0
273,2014-04-29,186148.0,22447.0,47115.0,39037.0,35480.0,22077.0,32260.0,30398.0,15410.0,11574.0,3870.0,18142.0,160948.0,172492.0,25201.0,13656.0
274,2014-04-22,197874.0,27511.0,51368.0,40426.0,35082.0,26460.0,31243.0,28623.0,16752.0,10211.0,3463.0,20462.0,173064.0,182210.0,24809.0,15664.0
275,2014-04-15,204290.0,29411.0,53820.0,41006.0,36584.0,26092.0,31039.0,29394.0,18161.0,11453.0,3828.0,20083.0,177245.0,187962.0,27045.0,16328.0
276,2014-04-08,196287.0,28269.0,54502.0,38149.0,38124.0,20925.0,31520.0,26091.0,16280.0,10780.0,3186.0,23183.0,169105.0,182291.0,27182.0,13996.0
277,2014-04-01,187349.0,22410.0,47531.0,37817.0,38457.0,20891.0,31380.0,25798.0,16151.0,9978.0,4440.0,21278.0,159904.0,174546.0,27445.0,12803.0
278,2014-03-25,186200.0,22164.0,48931.0,36314.0,38873.0,21620.0,32838.0,23258.0,15816.0,9867.0,3767.0,21226.0,159845.0,173491.0,26355.0,12709.0
279,2014-03-18,181834.0,22503.0,55249.0,33935.0,36464.0,21829.0,34529.0,16290.0,14709.0,9263.0,4444.0,20505.0,157273.0,169491.0,24561.0,12343.0
280,2014-03-11,172767.0,19344.0,51928.0,31768.0,36143.0,21827.0,34000.0,13009.0,13991.0,9084.0,4682.0,18915.0,148928.0,160495.0,23839.0,12272.0
281,2014-03-04,169357.0,18303.0,51669.0,31340.0,37774.0,21347.0,34413.0,11070.0,13568.0,9622.0,5575.0,17798.0,146390.0,158800.0,22967.0,10557.0
282,2014-02-25,181176.0,22885.0,54613.0,30048.0,39057.0,21372.0,34894.0,9804.0,14977.0,11173.0,6100.0,21039.0,156388.0,166961.0,24788.0,14215.0
283,2014-02-18,194241.0,22826.0,52448.0,30504.0,37149.0,28848.0,30626.0,12122.0,18130.0,11641.0,3755.0,25567.0,168142.0,178019.0,26099.0,16222.0
284,2014-02-11,187895.0,22042.0,45848.0,31897.0,31099.0,26471.0,30927.0,23252.0,16994.0,9782.0,4709.0,24489.0,162602.0,172862.0,25292.0,15033.0
285,2014-02-04,189297.0,22834.0,44655.0,36923.0,29461.0,25698.0,28952.0,29305.0,17350.0,11177.0,4688.0,21721.0,164655.0,172878.0,24643.0,16419.0
286,2014-01-28,183561.0,21137.0,49311.0,36324.0,29015.0,24230.0,27588.0,26096.0,14995.0,12152.0,3678.0,21625.0,158051.0,168950.0,25510.0,14611.0
287,2014-01-21,179859.0,20658.0,50022.0,35054.0,29610.0,24503.0,29999.0,22677.0,13924.0,11333.0,3047.0,21732.0,157203.0,165516.0,22657.0,14344.0
288,2014-01-14,174993.0,18867.0,49494.0,34312.0,29352.0,23898.0,29758.0,20967.0,13120.0,11364.0,3032.0,20982.0,152303.0,160847.0,22690.0,14146.0
289,2014-01-07,170272.0,19100.0,48930.0,30970.0,27396.0,22338.0,28288.0,21028.0,11487.0,12686.0,2179.0,20891.0,145760.0,154248.0,24512.0,16024.0
290,2013-12-31,171427.0,19659.0,49415.0,31299.0,27024.0,22196.0,29960.0,24387.0,11842.0,12058.0,2563.0,18322.0,145336.0,155750.0,26091.0,15677.0
291,2013-12-24,173041.0,20287.0,48161.0,32962.0,25258.0,22243.0,28756.0,27219.0,10763.0,12770.0,2079.0,20892.0,148672.0,156615.0,24368.0,16426.0
292,2013-12-17,174141.0,19688.0,47927.0,33413.0,25469.0,21481.0,28928.0,27007.0,10704.0,13003.0,2769.0,21993.0,149211.0,157351.0,24930.0,16790.0
293,2013-12-10,172292.0,19949.0,47008.0,33274.0,25214.0,20700.0,28254.0,28976.0,11477.0,14698.0,2930.0,18944.0,147295.0,155249.0,24996.0,17043.0
294,2013-12-03,174124.0,17964.0,41939.0,35126.0,25149.0,22638.0,27756.0,33142.0,10909.0,13727.0,4049.0,18778.0,146899.0,156604.0,27224.0,17519.0
295,2013-11-26,169815.0,18254.0,45492.0,32905.0,24137.0,22615.0,28977.0,28267.0,9503.0,11369.0,3767.0,18447.0,142071.0,152228.0,27745.0,17587.0
296,2013-11-19,197970.0,20866.0,50330.0,33943.0,25493.0,32309.0,28639.0,23982.0,14338.0,11054.0,2937.0,30932.0,172080.0,180320.0,25890.0,17650.0
297,2013-11-12,186365.0,17786.0,51831.0,33251.0,26665.0,28895.0,29258.0,19476.0,11255.0,9634.0,2117.0,30503.0,160581.0,170742.0,25784.0,15623.0
298,2013-11-05,174212.0,15552.0,51018.0,32777.0,28839.0,26082.0,29720.0,11351.0,10492.0,7830.0,2123.0,30056.0,152509.0,159961.0,21703.0,14251.0
299,2013-10-29,174026.0,15910.0,51284.0,31932.0,29445.0,25235.0,31188.0,11214.0,10623.0,6948.0,2304.0,30698.0,152534.0,160803.0,21492.0,13223.0
300,2013-10-22,177485.0,16389.0,52280.0,32162.0,27582.0,25371.0,29335.0,11188.0,11354.0,8521.0,2521.0,33246.0,156378.0,163543.0,21107.0,13942.0
301,2013-10-15,176789.0,17608.0,49973.0,33197.0,26014.0,26383.0,27055.0,13446.0,11031.0,8489.0,2055.0,32929.0,156691.0,161832.0,20097.0,14957.0
302,2013-10-08,176138.0,16703.0,49571.0,33047.0,27730.0,25943.0,26791.0,11818.0,11669.0,7852.0,2211.0,32660.0,154667.0,161604.0,21471.0,14535.0
303,2013-10-01,175272.0,17042.0,48064.0,34558.0,25992.0,26644.0,26105.0,13498.0,11546.0,7610.0,2117.0,32787.0,156293.0,160648.0,18980.0,14624.0
304,2013-09-24,175373.0,16353.0,48101.0,32922.0,27451.0,27149.0,24175.0,11977.0,11603.0,8477.0,2054.0,34302.0,154981.0,162637.0,20391.0,12735.0
305,2013-09-17,174995.0,15175.0,47646.0,31224.0,27907.0,26952.0,25063.0,11071.0,12506.0,8989.0,2952.0,33356.0,153266.0,162390.0,21730.0,12606.0
306,2013-09-10,173286.0,15644.0,48788.0,30656.0,27391.0,25671.0,27301.0,10696.0,12108.0,8369.0,3386.0,33146.0,152896.0,161186.0,20390.0,12100.0
307,2013-09-03,177845.0,16054.0,51593.0,29556.0,27962.0,26970.0,29109.0,9734.0,11570.0,9232.0,3777.0,33246.0,155736.0,164852.0,22108.0,12992.0
308,2013-08-27,182448.0,17254.0,53743.0,32368.0,26127.0,27551.0,28118.0,11649.0,12421.0,8661.0,3412.0,33061.0,159434.0,167963.0,23014.0,14485.0
309,2013-08-20,201093.0,19871.0,53617.0,31927.0,25962.0,34796.0,29139.0,13000.0,14458.0,9643.0,2959.0,40102.0,179936.0,184894.0,21157.0,16199.0
310,2013-08-13,199824.0,20232.0,53226.0,33864.0,25016.0,33389.0,30116.0,18693.0,14054.0,8190.0,3775.0,36841.0,176685.0,184995.0,23138.0,14829.0
311,2013-08-06,194918.0,18738.0,46508.0,37991.0,23182.0,29387.0,28117.0,23759.0,13202.0,6939.0,3840.0,38744.0,173118.0,178623.0,21800.0,16295.0
312,2013-07-30,194534.0,21821.0,50558.0,37218.0,18170.0,27316.0,29094.0,22419.0,13827.0,6911.0,7889.0,37473.0,173660.0,177653.0,20874.0,16881.0
313,2013-07-23,194671.0,21702.0,51521.0,36549.0,18394.0,27747.0,28085.0,21764.0,13351.0,7981.0,7734.0,37525.0,172941.0,178036.0,21730.0,16635.0
314,2013-07-16,194416.0,21452.0,51502.0,36604.0,18869.0,28185.0,27995.0,23165.0,13823.0,9012.0,6736.0,36478.0,173548.0,178758.0,20869.0,15659.0
315,2013-07-09,195895.0,21622.0,49709.0,37559.0,17669.0,28543.0,28243.0,23538.0,13488.0,8663.0,7562.0,37404.0,175523.0,177913.0,20371.0,17981.0
316,2013-07-02,196611.0,22589.0,51505.0,37506.0,17830.0,27933.0,28155.0,24392.0,13000.0,8380.0,6474.0,38363.0,175926.0,179496.0,20685.0,17115.0
317,2013-06-25,195144.0,21323.0,49746.0,40376.0,17093.0,27611.0,27102.0,26516.0,13786.0,7270.0,6211.0,36590.0,174057.0,177553.0,21087.0,17591.0
318,2013-06-18,212576.0,23099.0,51422.0,38790.0,16888.0,31713.0,25325.0,25425.0,15669.0,9971.0,5797.0,46420.0,190987.0,193334.0,21590.0,19242.0
319,2013-06-11,208581.0,23938.0,51881.0,39649.0,16458.0,29969.0,25054.0,25599.0,14719.0,9841.0,6250.0,43695.0,186867.0,188572.0,21715.0,20009.0
320,2013-06-04,203885.0,25714.0,52624.0,38223.0,18722.0,27249.0,24460.0,23230.0,15551.0,9430.0,6528.0,41468.0,182096.0,185372.0,21789.0,18513.0
321,2013-05-28,200841.0,23081.0,50163.0,38669.0,18579.0,27834.0,23722.0,23659.0,14946.0,9140.0,6254.0,40725.0,178117.0,182160.0,22724.0,18681.0
322,2013-05-21,214292.0,27568.0,53700.0,35194.0,19467.0,32339.0,23324.0,23511.0,17138.0,9163.0,2182.0,46165.0,190892.0,194503.0,23400.0,19789.0
323,2013-05-14,202407.0,25479.0,51513.0,34448.0,19849.0,30852.0,23211.0,21798.0,15441.0,9532.0,2252.0,42197.0,181159.0,183902.0,21248.0,18505.0
324,2013-05-07,198365.0,24568.0,52410.0,32800.0,18456.0,30494.0,23353.0,18231.0,14998.0,9771.0,2371.0,41622.0,177606.0,178584.0,20759.0,19781.0
325,2013-04-30,194361.0,25136.0,52618.0,32485.0,18868.0,28502.0,24426.0,18236.0,14981.0,9013.0,3596.0,39302.0,173844.0,176103.0,20517.0,18259.0
326,2013-04-23,228069.0,23089.0,54331.0,33252.0,17104.0,39375.0,24706.0,19017.0,25014.0,10173.0,3269.0,48805.0,204414.0,206915.0,23655.0,21154.0
327,2013-04-16,220027.0,20289.0,53814.0,30714.0,18841.0,34676.0,25415.0,17721.0,25089.0,11080.0,2609.0,47541.0,194804.0,200291.0,25223.0,19736.0
328,2013-04-09,200810.0,20751.0,50878.0,30704.0,17952.0,24814.0,25544.0,26104.0,19034.0,11485.0,3859.0,40616.0,172948.0,183258.0,27862.0,17552.0
329,2013-04-02,194032.0,19182.0,48853.0,30697.0,18210.0,23591.0,23449.0,26431.0,18508.0,13062.0,3492.0,36229.0,164719.0,175315.0,29314.0,18718.0
330,2013-03-26,184304.0,17214.0,51011.0,29578.0,18675.0,22141.0,23014.0,22382.0,17620.0,12826.0,3589.0,33419.0,155812.0,168836.0,28493.0,15468.0
331,2013-03-19,187780.0,17915.0,52298.0,28762.0,19410.0,22556.0,23890.0,21116.0,18377.0,12917.0,2665.0,35499.0,159915.0,171921.0,27865.0,15860.0
332,2013-03-12,181986.0,17147.0,52886.0,27380.0,20014.0,20706.0,23210.0,18170.0,18580.0,13826.0,2309.0,33992.0,154840.0,166657.0,27146.0,15329.0
333,2013-03-05,181614.0,17674.0,54048.0,28086.0,19915.0,20579.0,23602.0,17484.0,19324.0,13039.0,2131.0,32201.0,154506.0,165683.0,27108.0,15931.0
334,2013-02-26,178020.0,16144.0,55282.0,27379.0,19146.0,20965.0,25283.0,13631.0,18911.0,11123.0,1580.0,31587.0,151392.0,161102.0,26628.0,16918.0
335,2013-02-19,194716.0,16932.0,58073.0,24674.0,21781.0,26405.0,26391.0,9524.0,21412.0,11494.0,2131.0,37591.0,164900.0,176918.0,29816.0,17798.0
336,2013-02-12,187263.0,16948.0,62371.0,20981.0,24056.0,25523.0,30511.0,4837.0,19599.0,9406.0,1848.0,35439.0,158407.0,173672.0,28855.0,13591.0
337,2013-02-05,185547.0,14638.0,61608.0,19993.0,27268.0,22341.0,32550.0,2922.0,19621.0,9728.0,1991.0,37251.0,156122.0,173001.0,29425.0,12546.0
338,2013-01-29,180631.0,14047.0,60203.0,20479.0,27274.0,20897.0,34012.0,4432.0,17384.0,9793.0,2451.0,35692.0,152304.0,168334.0,28327.0,12297.0
339,2013-01-22,178525.0,14095.0,57827.0,19786.0,27083.0,21344.0,31573.0,5237.0,17186.0,10397.0,2783.0,34438.0,148819.0,165898.0,29706.0,12627.0
340,2013-01-15,176808.0,15535.0,56820.0,20138.0,24262.0,21252.0,27779.0,5382.0,16596.0,11444.0,2759.0,35304.0,148048.0,162375.0,28760.0,14434.0
341,2013-01-08,173224.0,14946.0,55257.0,20022.0,24006.0,20696.0,26598.0,5596.0,14887.0,11171.0,1817.0,37387.0,145709.0,159647.0,27516.0,13578.0
342,2012-12-31,176567.0,15707.0,57567.0,19750.0,26191.0,20557.0,27776.0,5014.0,14982.0,11063.0,2446.0,37931.0,147767.0,164687.0,28801.0,11880.0
343,2012-12-24,180136.0,14998.0,57726.0,19826.0,26232.0,21027.0,27572.0,4459.0,17237.0,11428.0,2382.0,39266.0,151353.0,168329.0,28783.0,11807.0
344,2012-12-18,174704.0,13369.0,61846.0,16190.0,26488.0,20575.0,33403.0,3284.0,14664.0,11802.0,3185.0,33137.0,143141.0,163180.0,31563.0,11523.0
345,2012-12-11,174534.0,12788.0,62688.0,15102.0,27672.0,20937.0,37829.0,2967.0,14098.0,11488.0,3036.0,30679.0,142921.0,162076.0,31614.0,12458.0
346,2012-12-04,173134.0,12842.0,64116.0,15040.0,26387.0,19513.0,39658.0,2806.0,14134.0,11186.0,3426.0,29682.0,142054.0,160064.0,31080.0,13070.0
347,2012-11-27,181094.0,13780.0,67107.0,15239.0,26355.0,21851.0,40370.0,3043.0,15012.0,12049.0,3714.0,30599.0,148901.0,167681.0,32193.0,13413.0
348,2012-11-20,195882.0,13747.0,64627.0,17305.0,25510.0,27219.0,36365.0,3048.0,18012.0,12006.0,4021.0,39943.0,164596.0,182380.0,31286.0,13502.0
349,2012-11-13,191144.0,13707.0,61408.0,18945.0,25625.0,24786.0,32824.0,5022.0,19131.0,13221.0,3951.0,39052.0,161665.0,178975.0,29479.0,12168.0
350,2012-11-06,186111.0,13822.0,60008.0,16807.0,23337.0,24168.0,32243.0,4893.0,18365.0,12595.0,3598.0,39848.0,157848.0,174216.0,28263.0,11895.0
351,2012-10-30,180256.0,13044.0,59261.0,15341.0,26000.0,23037.0,34351.0,4347.0,16965.0,12847.0,4281.0,35728.0,151312.0,169618.0,28943.0,10638.0
352,2012-10-23,185705.0,13101.0,60186.0,14792.0,26401.0,22675.0,35378.0,2821.0,18922.0,12488.0,4522.0,38374.0,155731.0,173902.0,29974.0,11803.0
353,2012-10-16,185859.0,12568.0,60650.0,15351.0,28833.0,22249.0,38592.0,2210.0,17184.0,11598.0,4080.0,37812.0,155354.0,173018.0,30505.0,12841.0
354,2012-10-09,186126.0,13024.0,61664.0,15328.0,28962.0,21746.0,40949.0,2331.0,16202.0,10115.0,4377.0,37697.0,155060.0,172977.0,31066.0,13149.0
355,2012-10-02,186361.0,12872.0,62182.0,15119.0,29367.0,21858.0,39829.0,1985.0,16343.0,10030.0,4925.0,37552.0,153603.0,174212.0,32758.0,12149.0
356,2012-09-25,177067.0,12892.0,58604.0,14293.0,25917.0,21063.0,37643.0,3658.0,14274.0,9483.0,5267.0,36385.0,146032.0,165168.0,31035.0,11899.0
357,2012-09-18,179907.0,13723.0,58154.0,13499.0,25952.0,20757.0,34659.0,3673.0,15888.0,11653.0,4424.0,38773.0,148952.0,167621.0,30956.0,12286.0
358,2012-09-11,167434.0,16448.0,70566.0,14708.0,13480.0,15569.0,33239.0,3759.0,13107.0,10899.0,4035.0,35292.0,139262.0,155808.0,28172.0,11626.0
359,2012-09-04,159977.0,17324.0,69006.0,14763.0,11865.0,14119.0,32412.0,4259.0,12998.0,11791.0,4652.0,30614.0,134022.0,147514.0,25956.0,12463.0
360,2012-08-28,156558.0,19635.0,65548.0,14697.0,10644.0,16407.0,30436.0,4909.0,11614.0,10426.0,5090.0,29862.0,133078.0,144075.0,23480.0,12483.0
361,2012-08-21,168075.0,21107.0,64099.0,17975.0,9024.0,19440.0,26632.0,9180.0,13095.0,8907.0,4150.0,34241.0,141397.0,153230.0,26678.0,14846.0
362,2012-08-14,166970.0,23157.0,61335.0,20608.0,6476.0,19278.0,23499.0,12924.0,13944.0,8478.0,3350.0,34396.0,143361.0,151703.0,23609.0,15267.0
363,2012-08-07,161387.0,22398.0,59180.0,20396.0,6536.0,16599.0,22790.0,13467.0,13357.0,8536.0,3494.0,33811.0,137887.0,146444.0,23500.0,14943.0
364,2012-07-31,158939.0,20756.0,58103.0,21491.0,7169.0,15995.0,22457.0,13868.0,11280.0,9514.0,3870.0,34503.0,135997.0,144788.0,22942.0,14150.0
365,2012-07-24,162832.0,22892.0,56599.0,24133.0,6644.0,15707.0,21027.0,17562.0,11546.0,9167.0,4069.0,35858.0,140330.0,147985.0,22502.0,14846.0
366,2012-07-17,159608.0,24515.0,57341.0,22511.0,6208.0,15936.0,20622.0,15791.0,11361.0,8132.0,4124.0,33859.0,136935.0,144620.0,22673.0,14988.0
367,2012-07-10,162246.0,24332.0,56867.0,22747.0,6113.0,16046.0,20112.0,14313.0,11707.0,8652.0,4078.0,35958.0,139555.0,145083.0,22691.0,17163.0
368,2012-07-03,158881.0,23675.0,57710.0,21019.0,6651.0,15073.0,20416.0,13828.0,11039.0,8895.0,3763.0,36322.0,136439.0,144385.0,22442.0,14495.0
369,2012-06-26,162526.0,22567.0,54575.0,24314.0,5920.0,16901.0,19334.0,16446.0,11564.0,9780.0,4768.0,36383.0,140844.0,146558.0,21683.0,15968.0
370,2012-06-19,167643.0,22696.0,59007.0,22248.0,6423.0,18723.0,20057.0,12567.0,13629.0,8653.0,3161.0,37719.0,143725.0,151228.0,23919.0,16416.0
371,2012-06-12,166586.0,22731.0,59005.0,21222.0,7068.0,18458.0,19320.0,12008.0,12532.0,8636.0,2848.0,38889.0,141789.0,150809.0,24797.0,15777.0
372,2012-06-05,160849.0,20876.0,55583.0,21819.0,7735.0,17885.0,19489.0,12940.0,12197.0,9446.0,2728.0,35500.0,137211.0,144568.0,23638.0,16281.0
373,2012-05-29,157233.0,22223.0,56114.0,22081.0,6565.0,16941.0,18877.0,13965.0,11210.0,8718.0,1711.0,33785.0,133834.0,140289.0,23399.0,16943.0
374,2012-05-22,159105.0,23091.0,55241.0,20843.0,6203.0,17112.0,19025.0,14009.0,11522.0,8999.0,1678.0,36012.0,136605.0,141778.0,22500.0,17327.0
375,2012-05-15,156119.0,23257.0,55883.0,21142.0,6246.0,16422.0,18856.0,12163.0,10487.0,8536.0,2542.0,35138.0,133838.0,138881.0,22282.0,17238.0
376,2012-05-08,150237.0,23043.0,55932.0,21249.0,8791.0,14376.0,18632.0,11473.0,9030.0,9783.0,2447.0,31592.0,127704.0,133641.0,22532.0,16596.0
377,2012-05-01,143447.0,21009.0,57104.0,19886.0,10396.0,13494.0,18834.0,8269.0,8801.0,8754.0,1626.0,30174.0,120952.0,129864.0,22495.0,13583.0
378,2012-04-24,163799.0,23338.0,60509.0,21996.0,9994.0,17945.0,19689.0,8933.0,11901.0,9807.0,2017.0,37407.0,142083.0,148707.0,21715.0,15092.0
379,2012-04-17,161656.0,21073.0,60964.0,20584.0,10879.0,16959.0,19440.0,6050.0,11175.0,9712.0,1792.0,37200.0,136144.0,145020.0,25512.0,16636.0
380,2012-04-10,153142.0,17999.0,58156.0,20900.0,11196.0,16596.0,21510.0,6605.0,11350.0,8047.0,1593.0,33984.0,130385.0,139478.0,22757.0,13664.0
381,2012-04-03,154776.0,16323.0,58065.0,19347.0,13198.0,17808.0,24060.0,5221.0,11645.0,6806.0,2291.0,33969.0,129956.0,142197.0,24820.0,12579.0
382,2012-03-27,146767.0,15782.0,57106.0,19540.0,12035.0,16366.0,22221.0,5190.0,10279.0,6325.0,1441.0,32756.0,123270.0,135173.0,23497.0,11594.0
383,2012-03-20,152564.0,15219.0,58361.0,19133.0,12955.0,16919.0,23559.0,3245.0,11288.0,7166.0,2271.0,35403.0,128688.0,140442.0,23877.0,12122.0
384,2012-03-13,153451.0,13880.0,59526.0,18013.0,13757.0,16156.0,25030.0,2286.0,11334.0,6223.0,2430.0,36568.0,127204.0,142056.0,26248.0,11395.0
385,2012-03-06,152451.0,14387.0,60695.0,18397.0,13530.0,16442.0,26635.0,2545.0,11436.0,5949.0,2223.0,33638.0,126885.0,140509.0,25567.0,11942.0
386,2012-02-28,164356.0,14836.0,65105.0,15000.0,16203.0,18414.0,35907.0,2404.0,11750.0,5721.0,3662.0,34328.0,135956.0,151865.0,28401.0,12491.0
387,2012-02-21,156007.0,12928.0,59236.0,15402.0,12117.0,17978.0,30960.0,2935.0,11138.0,4655.0,2928.0,37309.0,130368.0,143641.0,25639.0,12366.0
388,2012-02-14,149722.0,12452.0,57507.0,14981.0,10843.0,18892.0,28109.0,2635.0,8781.0,5359.0,2553.0,36754.0,125327.0,137965.0,24394.0,11757.0
389,2012-02-07,153227.0,12827.0,56634.0,15867.0,10911.0,18385.0,27915.0,2786.0,9999.0,5205.0,3685.0,37463.0,127661.0,139863.0,25566.0,13364.0
390,2012-01-31,144510.0,13088.0,53294.0,17319.0,9340.0,17762.0,22545.0,3843.0,8587.0,6035.0,3209.0,35918.0,121254.0,131953.0,23256.0,12557.0
391,2012-01-24,143649.0,13413.0,50881.0,18289.0,9380.0,17082.0,20943.0,4909.0,8499.0,6214.0,3370.0,36411.0,120852.0,130533.0,22796.0,13116.0
392,2012-01-17,140889.0,13741.0,49470.0,20992.0,9701.0,16702.0,20380.0,7241.0,6478.0,6732.0,3206.0,34251.0,119276.0,127048.0,21613.0,13841.0
393,2012-01-10,139861.0,14356.0,48873.0,20908.0,9713.0,15369.0,20043.0,8411.0,6667.0,6796.0,3890.0,33002.0,117141.0,125925.0,22721.0,13936.0
394,2012-01-03,142713.0,14781.0,48824.0,23028.0,9508.0,15097.0,20325.0,10709.0,6375.0,7464.0,3518.0,33353.0,120423.0,127385.0,22291.0,15329.0
395,2011-12-27,138611.0,14126.0,47923.0,23638.0,8379.0,15288.0,17223.0,11023.0,6605.0,7600.0,2770.0,32443.0,116923.0,124432.0,21688.0,14180.0
396,2011-12-20,139802.0,14445.0,48568.0,22732.0,8299.0,14978.0,17616.0,10374.0,7110.0,7210.0,2840.0,34701.0,118791.0,126870.0,21012.0,12932.0
397,2011-12-13,132087.0,11552.0,49085.0,21191.0,8825.0,12791.0,18130.0,6266.0,5295.0,8177.0,2239.0,32506.0,109642.0,117007.0,22445.0,15080.0
398,2011-12-06,128746.0,12554.0,49110.0,20512.0,11489.0,12004.0,17702.0,5247.0,4907.0,6402.0,1832.0,31004.0,105086.0,115594.0,23659.0,13152.0
399,2011-11-29,131996.0,14126.0,50247.0,21874.0,11525.0,12325.0,17690.0,5356.0,4897.0,7119.0,2927.0,31003.0,109034.0,118280.0,22962.0,13717.0
400,2011-11-22,140970.0,13787.0,50573.0,22812.0,12682.0,13093.0,17581.0,5039.0,9739.0,6768.0,2374.0,31814.0,115593.0,125313.0,25377.0,15657.0
401,2011-11-15,166036.0,15528.0,55916.0,20935.0,13483.0,17217.0,18905.0,3598.0,9513.0,7378.0,2456.0,48834.0,138311.0,151017.0,27725.0,15019.0
402,2011-11-08,167643.0,16584.0,55274.0,22012.0,15131.0,17317.0,18051.0,4133.0,6627.0,6868.0,2073.0,46882.0,134341.0,147436.0,33302.0,20208.0
403,2011-11-01,163661.0,13750.0,50647.0,22478.0,15161.0,17596.0,17816.0,4555.0,9564.0,6649.0,2130.0,49516.0,137367.0,149168.0,26294.0,14493.0
404,2011-10-25,164776.0,13640.0,49778.0,21600.0,15274.0,18329.0,17147.0,5041.0,9459.0,6932.0,2748.0,49654.0,136760.0,150282.0,28016.0,14494.0
405,2011-10-18,160153.0,14063.0,47917.0,23307.0,14377.0,17856.0,16352.0,5715.0,8098.0,7085.0,2223.0,49386.0,136147.0,145573.0,24005.0,14580.0
406,2011-10-11,157644.0,12980.0,47316.0,21963.0,14969.0,17921.0,17102.0,5529.0,7374.0,7813.0,1974.0,48457.0,133610.0,143541.0,24034.0,14103.0
407,2011-10-04,159403.0,15428.0,46625.0,22186.0,16329.0,17389.0,16982.0,5558.0,7687.0,8026.0,2238.0,48551.0,136250.0,144378.0,23153.0,15025.0
408,2011-09-27,156853.0,14252.0,48998.0,21415.0,16918.0,16755.0,18195.0,3329.0,7436.0,7314.0,2286.0,47309.0,132677.0,143030.0,24177.0,13823.0
409,2011-09-20,167584.0,10791.0,57527.0,18824.0,20859.0,15855.0,26379.0,3578.0,7703.0,8002.0,2000.0,45787.0,133341.0,153309.0,34243.0,14274.0
410,2011-09-13,168279.0,10142.0,59701.0,18430.0,22935.0,16175.0,27882.0,1572.0,7061.0,9142.0,2249.0,46287.0,135118.0,155979.0,33161.0,12300.0
411,2011-09-06,168497.0,10766.0,63748.0,18177.0,21414.0,13931.0,29586.0,1330.0,6742.0,8273.0,1994.0,46126.0,133599.0,155284.0,34897.0,13213.0
412,2011-08-30,165277.0,11243.0,63621.0,19056.0,20277.0,13398.0,28461.0,2030.0,6954.0,9083.0,1937.0,44749.0,132943.0,152965.0,32334.0,12312.0
413,2011-08-23,189639.0,13120.0,67245.0,18797.0,21974.0,16990.0,31225.0,1461.0,8223.0,8201.0,2451.0,55327.0,151882.0,173671.0,37757.0,15968.0
414,2011-08-16,176077.0,13408.0,62323.0,18765.0,19725.0,15166.0,25336.0,2009.0,9983.0,7614.0,1686.0,50495.0,140765.0,161386.0,35311.0,14690.0
415,2011-08-09,175525.0,13213.0,59442.0,20690.0,19016.0,14913.0,24467.0,3217.0,9231.0,7558.0,3004.0,50383.0,140454.0,159207.0,35071.0,16318.0
416,2011-08-02,178637.0,11180.0,61183.0,16373.0,20485.0,14829.0,30165.0,2046.0,11495.0,7561.0,3101.0,49931.0,141534.0,163072.0,37103.0,15565.0
417,2011-07-26,178162.0,11352.0,60193.0,16960.0,20707.0,13686.0,28921.0,1429.0,12939.0,8128.0,3753.0,48862.0,140848.0,161568.0,37314.0,16594.0
418,2011-07-19,178427.0,11759.0,59630.0,18319.0,19435.0,14173.0,26548.0,1808.0,12672.0,8126.0,3941.0,49888.0,141485.0,161548.0,36942.0,16879.0
419,2011-07-12,162870.0,11401.0,56672.0,17820.0,17334.0,12988.0,22798.0,2095.0,12955.0,7828.0,1713.0,44981.0,130772.0,148738.0,32097.0,14132.0
420,2011-07-05,158840.0,13661.0,55893.0,18023.0,16241.0,12865.0,21584.0,2756.0,11280.0,7851.0,1939.0,42819.0,128082.0,143793.0,30758.0,15048.0
421,2011-06-28,159867.0,14405.0,54025.0,19240.0,15387.0,14005.0,19281.0,4192.0,12321.0,9411.0,2937.0,41449.0,130113.0,144315.0,29754.0,15552.0
422,2011-06-21,187895.0,16276.0,57780.0,15656.0,17253.0,19110.0,22537.0,2241.0,17331.0,8835.0,3397.0,54275.0,154020.0,171386.0,33875.0,16509.0
423,2011-06-14,183647.0,17504.0,55935.0,15686.0,17796.0,20763.0,19690.0,3448.0,14153.0,10062.0,3479.0,52977.0,150836.0,168552.0,32811.0,15095.0
424,2011-06-07,186987.0,17336.0,57009.0,15754.0,17009.0,19463.0,20608.0,3312.0,17030.0,9011.0,2957.0,54769.0,153972.0,171550.0,33015.0,15437.0
425,2011-05-31,187301.0,17124.0,58458.0,15457.0,16353.0,18690.0,20835.0,4347.0,17619.0,9472.0,1919.0,54237.0,153434.0,171623.0,33868.0,15679.0
426,2011-05-24,194526.0,16648.0,59857.0,14819.0,14730.0,17520.0,20076.0,4850.0,19901.0,11897.0,2878.0,59290.0,160151.0,179026.0,34375.0,15500.0
427,2011-05-17,193531.0,16888.0,59452.0,16227.0,15900.0,18283.0,20892.0,4144.0,17618.0,11107.0,3788.0,57858.0,158873.0,177043.0,34658.0,16488.0
428,2011-05-10,196358.0,16002.0,61193.0,14279.0,17729.0,18758.0,22634.0,3406.0,18431.0,12575.0,2291.0,56624.0,159302.0,178431.0,37055.0,17927.0
429,2011-05-03,201622.0,14886.0,60868.0,14797.0,17843.0,16409.0,28830.0,3730.0,16992.0,13929.0,9925.0,55145.0,160987.0,180912.0,40635.0,20710.0
430,2011-04-26,209275.0,13181.0,59741.0,18559.0,21724.0,17882.0,31759.0,5968.0,19469.0,11769.0,6824.0,53576.0,166196.0,185186.0,43079.0,24090.0
431,2011-04-19,233453.0,16181.0,67011.0,15499.0,25289.0,21958.0,34890.0,3686.0,23155.0,13954.0,3725.0,64831.0,190468.0,209655.0,42985.0,23799.0
432,2011-04-12,219124.0,13938.0,63131.0,18118.0,25706.0,19949.0,35152.0,4627.0,19742.0,12818.0,5612.0,58341.0,178058.0,197108.0,41066.0,22016.0
433,2011-04-05,211429.0,13285.0,66583.0,18022.0,26402.0,17389.0,37924.0,3646.0,16622.0,11694.0,4761.0,55107.0,170043.0,190510.0,41386.0,20918.0
434,2011-03-29,197944.0,12804.0,65484.0,18388.0,25674.0,14551.0,35528.0,1988.0,13619.0,12049.0,4671.0,50603.0,157541.0,176589.0,40403.0,21354.0
435,2011-03-22,196407.0,13321.0,64882.0,16786.0,25802.0,13857.0,36009.0,1683.0,15057.0,12008.0,4880.0,51251.0,158288.0,177412.0,38119.0,18995.0
436,2011-03-15,190497.0,12482.0,63337.0,17755.0,25361.0,12718.0,35583.0,2519.0,14291.0,12153.0,5770.0,47115.0,152097.0,171111.0,38400.0,19385.0
437,2011-03-08,188821.0,12179.0,64296.0,17243.0,26093.0,11954.0,37339.0,2372.0,11964.0,14043.0,5354.0,47220.0,151944.0,169254.0,36877.0,19567.0
438,2011-03-01,185441.0,11499.0,66036.0,17795.0,24670.0,11408.0,37247.0,2065.0,11092.0,13384.0,6518.0,44369.0,146793.0,166157.0,38647.0,19283.0
439,2011-02-22,213276.0,11539.0,63983.0,16021.0,25168.0,17999.0,37725.0,2287.0,18281.0,13678.0,5641.0,55266.0,170509.0,188625.0,42766.0,24651.0
440,2011-02-15,203696.0,11020.0,61816.0,17269.0,25247.0,17185.0,37238.0,2079.0,18483.0,13633.0,4689.0,52239.0,167068.0,181739.0,36628.0,21957.0
441,2011-02-08,189623.0,9828.0,57521.0,17637.0,23584.0,14613.0,32437.0,2695.0,15119.0,12458.0,2971.0,50546.0,152637.0,167049.0,36985.0,22574.0
442,2011-02-01,175074.0,10428.0,54768.0,19207.0,22720.0,12322.0,26441.0,2984.0,12826.0,12181.0,2476.0,47613.0,141018.0,155709.0,34056.0,19364.0
443,2011-01-25,174347.0,9799.0,53273.0,18774.0,21855.0,10481.0,23566.0,5473.0,14001.0,15524.0,2920.0,47799.0,139943.0,155803.0,34404.0,18545.0
444,2011-01-18,183207.0,9359.0,55935.0,19061.0,20886.0,11431.0,24502.0,4184.0,23948.0,15540.0,3841.0,46134.0,149975.0,166360.0,33232.0,16847.0
445,2011-01-11,184954.0,9256.0,55833.0,20013.0,23306.0,10886.0,26081.0,3338.0,23816.0,11456.0,2724.0,48654.0,150161.0,168555.0,34794.0,16400.0
446,2011-01-04,184569.0,8611.0,57627.0,20650.0,23928.0,9207.0,27475.0,4669.0,23129.0,11676.0,3064.0,46270.0,147017.0,167894.0,37552.0,16675.0
447,2010-12-28,184529.0,9016.0,58708.0,21215.0,24706.0,9053.0,29899.0,3063.0,22117.0,10482.0,4159.0,44764.0,146547.0,166570.0,37983.0,17959.0
448,2010-12-21,181237.0,9552.0,57017.0,21369.0,24176.0,8791.0,27462.0,3109.0,21947.0,10805.0,2816.0,45432.0,145357.0,163289.0,35880.0,17948.0
449,2010-12-14,179563.0,8294.0,57398.0,20606.0,22809.0,8342.0,27413.0,3262.0,21603.0,10828.0,2810.0,45637.0,142722.0,161860.0,36841.0,17703.0
450,2010-12-07,185086.0,8244.0,58911.0,21944.0,22411.0,7032.0,28899.0,2659.0,25043.0,12251.0,4554.0,45468.0,148881.0,166078.0,36204.0,19008.0
451,2010-11-30,174328.0,8583.0,60658.0,22029.0,21849.0,5723.0,29222.0,2369.0,24372.0,10931.0,2965.0,38960.0,139820.0,156896.0,34507.0,17431.0
452,2010-11-23,185126.0,12806.0,64442.0,22405.0,19448.0,8488.0,27717.0,4710.0,22678.0,11899.0,3901.0,41106.0,147099.0,164774.0,38027.0,20352.0
453,2010-11-16,213916.0,13644.0,66815.0,23330.0,19042.0,16011.0,26518.0,5403.0,33576.0,12183.0,2902.0,52728.0,177989.0,196476.0,35927.0,17441.0
454,2010-11-09,237671.0,14536.0,70344.0,22773.0,19889.0,15173.0,31593.0,4973.0,38641.0,12762.0,5538.0,59980.0,195458.0,214539.0,42213.0,23133.0
455,2010-11-02,216982.0,11059.0,69564.0,20509.0,21352.0,13123.0,40189.0,5242.0,34902.0,12798.0,5189.0,49019.0,181600.0,198391.0,35381.0,18591.0
456,2010-10-26,205629.0,10463.0,68026.0,19754.0,23224.0,12086.0,41601.0,5008.0,31830.0,12566.0,5821.0,41944.0,170244.0,187938.0,35386.0,17691.0
457,2010-10-19,207920.0,9959.0,68723.0,20907.0,24024.0,10421.0,42855.0,4807.0,31767.0,14250.0,5828.0,42692.0,172849.0,188262.0,35071.0,19658.0
458,2010-10-12,204550.0,10123.0,70864.0,21957.0,25754.0,9482.0,45574.0,4654.0,28231.0,14964.0,7944.0,38759.0,169090.0,185687.0,35460.0,18863.0
459,2010-10-05,201885.0,9162.0,70822.0,21803.0,25183.0,9992.0,51889.0,4557.0,25279.0,12312.0,9247.0,36102.0,166539.0,181182.0,35346.0,20703.0
460,2010-09-28,193277.0,8681.0,73075.0,20959.0,24203.0,8908.0,53210.0,4524.0,21866.0,13138.0,8984.0,31216.0,157979.0,172777.0,35299.0,20500.0
461,2010-09-21,183317.0,8370.0,73186.0,20820.0,24501.0,7984.0,49754.0,2759.0,17720.0,13771.0,8728.0,30375.0,148794.0,165253.0,34523.0,18064.0
462,2010-09-14,179995.0,9328.0,74312.0,21091.0,23502.0,7275.0,49308.0,2728.0,17353.0,12435.0,8514.0,28248.0,145038.0,161931.0,34958.0,18064.0
463,2010-09-07,171246.0,9002.0,72388.0,20840.0,21205.0,6364.0,47330.0,2606.0,16603.0,12279.0,8649.0,26940.0,139359.0,154754.0,31887.0,16492.0
464,2010-08-31,159078.0,9627.0,69526.0,19929.0,20040.0,4626.0,42246.0,2747.0,14738.0,11536.0,6401.0,26283.0,128984.0,144361.0,30094.0,14717.0
465,2010-08-24,150636.0,10830.0,63870.0,20205.0,19106.0,5920.0,30372.0,3128.0,14455.0,11419.0,3856.0,26708.0,119908.0,137042.0,30728.0,13594.0
466,2010-08-17,156590.0,8677.0,61450.0,18808.0,20724.0,12363.0,31270.0,2841.0,15384.0,11826.0,4493.0,27562.0,125889.0,144816.0,30700.0,11773.0
467,2010-08-10,148445.0,8767.0,61070.0,18925.0,20032.0,9330.0,31240.0,2985.0,13679.0,10877.0,3568.0,25961.0,118780.0,136625.0,29665.0,11820.0
468,2010-08-03,150080.0,8453.0,60403.0,18896.0,20236.0,9876.0,31457.0,2516.0,13796.0,11414.0,4008.0,27444.0,121336.0,138279.0,28745.0,11801.0
469,2010-07-27,140263.0,8945.0,59117.0,20735.0,17721.0,8552.0,25093.0,3623.0,14033.0,12637.0,4314.0,21340.0,111335.0,128701.0,28929.0,11563.0
470,2010-07-20,142543.0,9996.0,62339.0,20480.0,16924.0,7226.0,25098.0,3153.0,15608.0,11944.0,2473.0,22925.0,113277.0,130647.0,29266.0,11895.0
471,2010-07-13,143281.0,9770.0,63340.0,20652.0,19391.0,5783.0,27727.0,1757.0,16183.0,11054.0,1704.0,23634.0,114803.0,131792.0,28478.0,11489.0
472,2010-07-06,143967.0,10156.0,63475.0,19841.0,19676.0,5530.0,28206.0,2544.0,16462.0,11065.0,2040.0,22981.0,114241.0,132708.0,29726.0,11259.0
473,2010-06-29,154405.0,10371.0,69214.0,20255.0,20889.0,5570.0,36214.0,1788.0,19752.0,11063.0,3421.0,23411.0,126635.0,144044.0,27770.0,10361.0
474,2010-06-22,174875.0,9960.0,68158.0,20299.0,21584.0,12724.0,37555.0,1650.0,20516.0,10805.0,3345.0,32772.0,144631.0,160749.0,30244.0,14126.0
475,2010-06-15,165488.0,9203.0,65319.0,20081.0,21628.0,12299.0,33917.0,1600.0,19574.0,11201.0,2872.0,29875.0,136150.0,153167.0,29338.0,12321.0
476,2010-06-08,156914.0,9051.0,63743.0,20986.0,21623.0,11445.0,30931.0,1778.0,18286.0,10630.0,2504.0,26042.0,127371.0,145420.0,29543.0,11493.0
477,2010-06-01,156371.0,8406.0,63646.0,22142.0,22070.0,10546.0,32035.0,1876.0,17139.0,10868.0,2756.0,26307.0,127443.0,144339.0,28928.0,12032.0
478,2010-05-25,152323.0,8452.0,62492.0,21584.0,21555.0,9350.0,32152.0,3829.0,16449.0,10697.0,2622.0,25343.0,124027.0,141640.0,28297.0,10683.0
479,2010-05-18,161279.0,9780.0,65680.0,18955.0,25657.0,8791.0,41507.0,1765.0,12791.0,11353.0,5834.0,27574.0,130751.0,148091.0,30528.0,13188.0
480,2010-05-11,158291.0,10118.0,64059.0,19947.0,22061.0,7430.0,38438.0,3905.0,13420.0,10910.0,5389.0,26863.0,127126.0,143127.0,31165.0,15164.0
481,2010-05-04,149145.0,9768.0,67763.0,21338.0,21099.0,5829.0,37059.0,5932.0,13033.0,11163.0,2513.0,20893.0,119083.0,137063.0,30062.0,12082.0
482,2010-04-27,148673.0,10132.0,66792.0,18552.0,20873.0,5817.0,38279.0,5003.0,13445.0,10708.0,2300.0,21585.0,118518.0,135816.0,30154.0,12857.0
483,2010-04-20,155405.0,9785.0,64584.0,19188.0,21044.0,9202.0,36204.0,4788.0,12612.0,10880.0,2501.0,27182.0,125054.0,141912.0,30351.0,13493.0
484,2010-04-13,154294.0,8526.0,65387.0,18904.0,20277.0,9079.0,36751.0,3606.0,12607.0,10987.0,3334.0,26058.0,122912.0,140349.0,31382.0,13945.0
485,2010-04-06,146903.0,8481.0,61743.0,19057.0,19889.0,7554.0,33659.0,2586.0,12237.0,10557.0,3247.0,25909.0,117454.0,133165.0,29449.0,13738.0
486,2010-03-30,138719.0,8896.0,59200.0,20398.0,18468.0,6822.0,28067.0,2645.0,13247.0,11149.0,2847.0,22375.0,110954.0,125604.0,27765.0,13115.0
487,2010-03-23,137392.0,8618.0,59152.0,20051.0,16541.0,6138.0,26667.0,3079.0,11380.0,11780.0,2535.0,22954.0,107588.0,121779.0,29804.0,15614.0
488,2010-03-16,139862.0,8772.0,61208.0,19825.0,16341.0,6298.0,28173.0,2523.0,11443.0,11929.0,2728.0,22625.0,109065.0,123166.0,30797.0,16696.0
489,2010-03-09,137627.0,8449.0,59154.0,20140.0,16029.0,5759.0,26627.0,2430.0,10550.0,13034.0,2193.0,23522.0,108080.0,119638.0,29546.0,17989.0
490,2010-03-02,133223.0,9825.0,57730.0,20738.0,14519.0,5619.0,22411.0,3806.0,9091.0,14101.0,1816.0,23127.0,104911.0,115708.0,28312.0,17515.0
491,2010-02-23,139415.0,12110.0,60251.0,20571.0,12539.0,8818.0,19648.0,6453.0,9826.0,15081.0,1379.0,24327.0,110380.0,123593.0,29035.0,15822.0
492,2010-02-16,151116.0,10328.0,59036.0,21407.0,13334.0,9937.0,19434.0,6433.0,14900.0,15123.0,1896.0,27465.0,118593.0,133000.0,32523.0,18116.0
493,2010-02-09,150078.0,10172.0,58967.0,21797.0,13179.0,9286.0,17516.0,6007.0,15153.0,14615.0,1996.0,27188.0,115726.0,131775.0,34352.0,18303.0
494,2010-02-02,150051.0,9320.0,65055.0,21329.0,13981.0,7122.0,21677.0,4172.0,17328.0,14887.0,1276.0,23900.0,115563.0,132835.0,34488.0,17216.0
495,2010-01-26,153070.0,9085.0,69086.0,18662.0,15008.0,6601.0,26889.0,1768.0,16618.0,14281.0,2505.0,23590.0,115726.0,135177.0,37344.0,17894.0
496,2010-01-19,163608.0,9329.0,70947.0,17182.0,19155.0,5940.0,37518.0,438.0,17791.0,11354.0,3569.0,26048.0,125162.0,143888.0,38447.0,19721.0
497,2010-01-12,159868.0,9500.0,71111.0,16581.0,18595.0,5456.0,36399.0,701.0,19238.0,11755.0,2393.0,24808.0,123736.0,142302.0,36132.0,17566.0
498,2010-01-05,154501.0,8540.0,67469.0,17033.0,17539.0,5480.0,30247.0,2559.0,17718.0,13818.0,1456.0,24358.0,117194.0,136578.0,37308.0,17923.0
499,2009-12-29,151647.0,8797.0,69048.0,18478.0,17467.0,4865.0,28009.0,1378.0,17331.0,13788.0,1317.0,24647.0,115915.0,136053.0,35731.0,15594.0
500,2009-12-22,151952.0,8981.0,68295.0,17966.0,17506.0,5460.0,28364.0,633.0,17121.0,13691.0,1769.0,24801.0,116384.0,135584.0,35568.0,16368.0
501,2009-12-15,152183.0,9689.0,69461.0,18018.0,17845.0,5397.0,28966.0,1454.0,16651.0,12845.0,1429.0,24642.0,116208.0,136879.0,35975.0,15304.0
502,2009-12-08,157310.0,10619.0,71543.0,16766.0,19418.0,5265.0,34482.0,564.0,15883.0,11429.0,2258.0,25970.0,120414.0,140901.0,36895.0,16408.0
503,2009-12-01,166722.0,10845.0,74645.0,18398.0,20242.0,4823.0,37496.0,805.0,17470.0,12041.0,2888.0,27069.0,128142.0,147942.0,38581.0,18780.0
504,2009-11-24,168465.0,11481.0,76429.0,18390.0,19552.0,6621.0,37569.0,634.0,18015.0,10988.0,1738.0,25726.0,128790.0,148714.0,39675.0,19751.0
505,2009-11-17,192059.0,10335.0,74177.0,18013.0,19759.0,15017.0,38393.0,768.0,23000.0,11126.0,1943.0,38571.0,154455.0,173235.0,37603.0,18823.0
506,2009-11-09,186560.0,12042.0,75951.0,17461.0,18690.0,12282.0,33348.0,1291.0,25200.0,11883.0,917.0,35705.0,147922.0,170036.0,38639.0,16524.0
507,2009-11-03,171906.0,10679.0,73412.0,17889.0,19921.0,11231.0,34549.0,1373.0,23933.0,12233.0,1097.0,30834.0,141347.0,161801.0,30559.0,10105.0
508,2009-10-27,171943.0,9571.0,75386.0,17326.0,21047.0,9363.0,38548.0,940.0,21087.0,13789.0,2813.0,28005.0,137690.0,158640.0,34253.0,13303.0
509,2009-10-20,179332.0,9514.0,75666.0,16671.0,22606.0,9418.0,43090.0,960.0,21183.0,13985.0,2909.0,32147.0,146009.0,164889.0,33323.0,14442.0
510,2009-10-13,181064.0,8838.0,73905.0,16681.0,22740.0,9747.0,43417.0,818.0,21428.0,13226.0,2884.0,33600.0,146939.0,165123.0,34126.0,15941.0
511,2009-10-06,173712.0,8420.0,72566.0,15926.0,22471.0,9068.0,43061.0,1094.0,19099.0,12236.0,2445.0,31237.0,139047.0,157980.0,34664.0,15731.0
512,2009-09-29,165636.0,9195.0,72503.0,15524.0,21008.0,8111.0,42969.0,1116.0,15815.0,11990.0,2718.0,29080.0,132684.0,150351.0,32952.0,15286.0
513,2009-09-22,171065.0,8823.0,72596.0,15077.0,21480.0,9249.0,45427.0,1109.0,14801.0,11912.0,4141.0,32804.0,138092.0,156180.0,32973.0,14885.0
514,2009-09-15,164397.0,8344.0,69468.0,14653.0,20422.0,9100.0,44533.0,1042.0,13589.0,11113.0,4136.0,31734.0,133066.0,149491.0,31331.0,14906.0
515,2009-09-08,153702.0,9070.0,66111.0,15263.0,19017.0,8548.0,37515.0,1649.0,12737.0,11389.0,3157.0,29887.0,124409.0,141107.0,29293.0,12595.0
516,2009-09-01,137630.0,11385.0,61851.0,14641.0,16462.0,7309.0,32205.0,1741.0,12618.0,10407.0,3355.0,23816.0,112380.0,127152.0,25250.0,10478.0
517,2009-08-25,134794.0,10888.0,57834.0,14634.0,14742.0,9025.0,26074.0,2078.0,13614.0,10435.0,2090.0,24126.0,108796.0,123509.0,25999.0,11285.0
518,2009-08-18,136198.0,10298.0,55977.0,14715.0,16188.0,11346.0,25471.0,2242.0,13186.0,10655.0,3061.0,24439.0,110110.0,126438.0,26088.0,9760.0
519,2009-08-11,138064.0,10300.0,56526.0,14920.0,15527.0,11451.0,27303.0,2513.0,12639.0,10160.0,3957.0,24637.0,111409.0,127250.0,26655.0,10814.0
520,2009-08-04,132824.0,10140.0,55287.0,15881.0,14295.0,10595.0,22435.0,3337.0,11907.0,10199.0,2636.0,24981.0,106138.0,123038.0,26687.0,9786.0
521,2009-07-28,128477.0,10259.0,54416.0,17166.0,11980.0,9434.0,20295.0,5498.0,11816.0,10353.0,1971.0,23665.0,102988.0,118780.0,25489.0,9697.0
522,2009-07-21,128635.0,10755.0,53512.0,17701.0,11310.0,7990.0,18628.0,7083.0,12523.0,10145.0,1708.0,25189.0,102932.0,119317.0,25703.0,9318.0
523,2009-07-14,127290.0,10658.0,54655.0,17983.0,10909.0,7585.0,18525.0,5274.0,12601.0,10139.0,1452.0,24689.0,102181.0,117166.0,25109.0,10124.0
524,2009-07-07,128789.0,10682.0,57591.0,17711.0,11722.0,7223.0,20328.0,3262.0,12950.0,10455.0,1100.0,24871.0,104220.0,118719.0,24569.0,10069.0
525,2009-06-30,133039.0,12975.0,61891.0,16830.0,12203.0,7362.0,21850.0,3507.0,13127.0,9982.0,883.0,23611.0,105737.0,122584.0,27302.0,10455.0
526,2009-06-23,139882.0,10573.0,60433.0,17102.0,12709.0,7769.0,21739.0,1710.0,15104.0,9856.0,1205.0,30707.0,112851.0,129637.0,27031.0,10246.0
527,2009-06-16,136037.0,9076.0,61123.0,17061.0,12929.0,8317.0,24862.0,1386.0,13861.0,8928.0,1687.0,26351.0,108457.0,125654.0,27580.0,10382.0
528,2009-06-09,139326.0,8978.0,62433.0,16383.0,12810.0,8403.0,27167.0,1900.0,14335.0,9495.0,2013.0,26827.0,111589.0,128722.0,27737.0,10604.0
529,2009-06-02,140490.0,9115.0,59556.0,16885.0,12280.0,7939.0,27193.0,2169.0,13299.0,8799.0,3329.0,29357.0,112587.0,127929.0,27903.0,12560.0
530,2009-05-26,126990.0,7856.0,56664.0,14419.0,11286.0,7032.0,25738.0,2016.0,11477.0,8948.0,3110.0,25094.0,100564.0,116678.0,26426.0,10312.0
531,2009-05-19,125483.0,9037.0,56152.0,13715.0,10506.0,7075.0,25624.0,1764.0,11311.0,8702.0,3056.0,25798.0,101260.0,115660.0,24223.0,9823.0
532,2009-05-12,125921.0,10666.0,55475.0,15264.0,9490.0,7127.0,21452.0,2300.0,11845.0,9370.0,3182.0,25908.0,101632.0,115326.0,24289.0,10595.0
533,2009-05-05,116098.0,10134.0,50518.0,16145.0,8729.0,6690.0,17313.0,3255.0,9966.0,8350.0,1800.0,24631.0,93229.0,105589.0,22869.0,10509.0
534,2009-04-28,114394.0,11609.0,49826.0,18265.0,8526.0,6158.0,14803.0,4610.0,10932.0,7721.0,2361.0,22191.0,91679.0,104605.0,22715.0,9789.0
535,2009-04-21,124705.0,10196.0,47761.0,18846.0,8267.0,9626.0,13851.0,6286.0,14038.0,9276.0,2504.0,23949.0,99783.0,112431.0,24922.0,12274.0
536,2009-04-14,122978.0,10618.0,50608.0,18214.0,9221.0,8646.0,14035.0,3915.0,13654.0,9479.0,1933.0,24284.0,98930.0,112262.0,24048.0,10716.0
537,2009-04-07,120837.0,10065.0,51166.0,18656.0,9332.0,7627.0,15068.0,5153.0,12369.0,10250.0,1827.0,22642.0,96676.0,110117.0,24161.0,10721.0
538,2009-03-31,120758.0,10019.0,54204.0,18191.0,9542.0,7604.0,17145.0,3891.0,12253.0,9534.0,1478.0,21674.0,96420.0,110647.0,24338.0,10111.0
539,2009-03-24,121291.0,10655.0,55442.0,17574.0,9335.0,8686.0,17576.0,2352.0,10686.0,9491.0,781.0,23250.0,97917.0,110532.0,23374.0,10759.0
540,2009-03-17,119429.0,10819.0,55308.0,16953.0,10661.0,7484.0,19518.0,2300.0,10043.0,9368.0,1254.0,22107.0,96292.0,109157.0,23137.0,10271.0
541,2009-03-10,119121.0,10781.0,55127.0,16718.0,9985.0,7438.0,20538.0,2281.0,9192.0,9174.0,1630.0,22420.0,96262.0,108072.0,22859.0,11049.0
542,2009-03-03,119591.0,10582.0,57464.0,16162.0,10172.0,7505.0,21888.0,2709.0,9048.0,9629.0,1380.0,21329.0,96143.0,109608.0,23448.0,9983.0
543,2009-02-24,128944.0,12319.0,58656.0,15745.0,9569.0,11246.0,21697.0,2860.0,12148.0,8321.0,1382.0,23171.0,104645.0,119031.0,24299.0,9913.0
544,2009-02-17,136971.0,11942.0,56011.0,17217.0,11252.0,11406.0,21311.0,3145.0,13872.0,8309.0,981.0,27157.0,111215.0,123825.0,25755.0,13146.0
545,2009-02-10,130692.0,11438.0,54295.0,16450.0,10826.0,10278.0,21211.0,3281.0,12706.0,8106.0,1263.0,25674.0,105863.0,118324.0,24830.0,12368.0
546,2009-02-03,125728.0,11402.0,51515.0,15743.0,10877.0,9626.0,19241.0,3873.0,12294.0,8605.0,1057.0,24472.0,101384.0,113714.0,24344.0,12014.0
547,2009-01-27,119815.0,10136.0,48974.0,15244.0,11136.0,8930.0,19370.0,4291.0,12151.0,7798.0,1379.0,22534.0,96163.0,109396.0,23652.0,10420.0
548,2009-01-20,114279.0,10084.0,47342.0,15927.0,9289.0,7993.0,17396.0,4978.0,12014.0,7441.0,863.0,21253.0,92107.0,103731.0,22172.0,10548.0
549,2009-01-13,111896.0,11255.0,47331.0,15594.0,8658.0,6316.0,16222.0,4883.0,11566.0,7878.0,1039.0,21082.0,89913.0,100874.0,21982.0,11021.0
550,2009-01-06,114045.0,11359.0,49661.0,15244.0,9391.0,6370.0,16689.0,4159.0,11558.0,8365.0,962.0,21208.0,90794.0,103311.0,23252.0,10735.0
551,2008-12-30,110263.0,11600.0,48370.0,14643.0,9498.0,6359.0,16632.0,4890.0,11037.0,8977.0,1192.0,19225.0,88472.0,100571.0,21790.0,9691.0
552,2008-12-22,110802.0,11447.0,49329.0,14898.0,9159.0,6456.0,17030.0,4326.0,11200.0,8357.0,1015.0,19916.0,89304.0,101401.0,21498.0,9401.0
553,2008-12-16,112675.0,12418.0,49793.0,14553.0,7726.0,6987.0,16881.0,4939.0,11588.0,8388.0,1180.0,19976.0,90792.0,102189.0,21883.0,10485.0
554,2008-12-09,107134.0,12451.0,45955.0,15699.0,7814.0,5989.0,15217.0,4705.0,11878.0,7248.0,1297.0,19188.0,87670.0,96827.0,19464.0,10307.0
555,2008-12-02,105753.0,12331.0,46918.0,16458.0,7255.0,5410.0,14109.0,5495.0,11688.0,7942.0,1265.0,18171.0,86109.0,96201.0,19645.0,9552.0
556,2008-11-25,111109.0,14556.0,47131.0,15778.0,7979.0,5890.0,15941.0,8375.0,12271.0,7184.0,957.0,18627.0,90248.0,101230.0,20861.0,9879.0
557,2008-11-18,140447.0,17076.0,49487.0,16236.0,7710.0,13431.0,15795.0,9154.0,14447.0,8153.0,1135.0,32984.0,118121.0,128346.0,22326.0,12101.0
558,2008-11-11,144066.0,17345.0,48270.0,15364.0,9014.0,13591.0,17400.0,10101.0,17035.0,8023.0,865.0,33277.0,122035.0,132152.0,22031.0,11914.0
559,2008-11-04,141684.0,16422.0,46774.0,15848.0,10151.0,15311.0,15675.0,10358.0,15864.0,7880.0,808.0,31369.0,118368.0,130636.0,23316.0,11048.0
560,2008-10-28,141816.0,19734.0,47999.0,18184.0,10174.0,13035.0,14128.0,11641.0,15625.0,8129.0,674.0,31327.0,120162.0,130477.0,21654.0,11340.0
561,2008-10-21,143304.0,20600.0,48280.0,19149.0,10605.0,12266.0,13672.0,11862.0,15520.0,7710.0,997.0,30824.0,119742.0,130354.0,23562.0,12950.0
562,2008-10-14,142578.0,17715.0,47854.0,18406.0,12218.0,11726.0,12819.0,9873.0,16812.0,10077.0,1079.0,29574.0,117129.0,129136.0,25449.0,13442.0
563,2008-10-07,143878.0,17337.0,49702.0,18958.0,12938.0,10889.0,13162.0,10128.0,17116.0,10012.0,1388.0,29770.0,117243.0,131932.0,26635.0,11946.0
564,2008-09-30,145848.0,16305.0,49066.0,19490.0,12164.0,9914.0,14781.0,10882.0,17959.0,10092.0,916.0,29591.0,118133.0,130491.0,27714.0,15356.0
565,2008-09-23,148066.0,15010.0,51234.0,18274.0,11455.0,8941.0,15982.0,11566.0,17731.0,11758.0,1278.0,30430.0,118126.0,132635.0,29940.0,15431.0
566,2008-09-16,156143.0,16088.0,53080.0,21251.0,14634.0,9053.0,17450.0,13128.0,21260.0,12075.0,1285.0,28602.0,125778.0,141041.0,30364.0,15101.0
567,2008-09-09,157065.0,14689.0,53348.0,23769.0,15926.0,8660.0,19721.0,12531.0,21629.0,10802.0,1392.0,28656.0,127927.0,142143.0,29138.0,14922.0
568,2008-09-02,155016.0,14617.0,55150.0,23196.0,15986.0,8202.0,20618.0,11292.0,22841.0,12031.0,1516.0,25349.0,126854.0,140335.0,28162.0,14681.0
569,2008-08-26,162636.0,17803.0,61067.0,22377.0,16880.0,11070.0,19773.0,9383.0,24496.0,12085.0,2139.0,25452.0,133056.0,150488.0,29580.0,12148.0
570,2008-08-19,184503.0,20919.0,65964.0,22299.0,17612.0,20083.0,19709.0,8722.0,25661.0,13009.0,1184.0,32404.0,154084.0,171631.0,30419.0,12872.0
571,2008-08-12,183064.0,20767.0,66229.0,20054.0,19364.0,17525.0,24435.0,8248.0,23637.0,12912.0,1375.0,33499.0,152830.0,169876.0,30234.0,13188.0
572,2008-08-05,171841.0,16698.0,65635.0,18515.0,21625.0,14049.0,26041.0,6076.0,22025.0,13781.0,2104.0,28536.0,139645.0,160050.0,32195.0,11791.0
573,2008-07-29,172672.0,17209.0,66341.0,17511.0,25250.0,12693.0,30405.0,6717.0,21509.0,13079.0,1897.0,28059.0,140466.0,162465.0,32206.0,10207.0
574,2008-07-22,183474.0,15037.0,69420.0,17082.0,28933.0,12462.0,37743.0,7342.0,22381.0,13707.0,1815.0,29439.0,147850.0,171791.0,35625.0,11684.0
575,2008-07-15,191900.0,15930.0,73075.0,16364.0,27149.0,13949.0,40103.0,6095.0,22786.0,13249.0,2690.0,32739.0,155119.0,178482.0,36781.0,13418.0
576,2008-07-08,178672.0,14484.0,70901.0,16365.0,24820.0,11748.0,39876.0,6106.0,22368.0,11804.0,2820.0,27971.0,144616.0,166734.0,34057.0,11939.0
577,2008-07-01,174418.0,14635.0,67018.0,16917.0,25901.0,11291.0,36545.0,5407.0,20691.0,12202.0,2414.0,29058.0,141340.0,161780.0,33078.0,12638.0
578,2008-06-24,174415.0,16742.0,66402.0,16626.0,21300.0,13408.0,28403.0,6630.0,20333.0,12788.0,1755.0,33289.0,141589.0,163116.0,32826.0,11299.0
579,2008-06-17,176625.0,12989.0,63864.0,15688.0,20447.0,20359.0,29142.0,4947.0,20060.0,13263.0,2976.0,32577.0,144078.0,165229.0,32546.0,11395.0
580,2008-06-10,172835.0,12301.0,62507.0,15060.0,20239.0,18036.0,30394.0,6800.0,19324.0,13689.0,2009.0,32537.0,141341.0,161453.0,31494.0,11383.0
581,2008-06-03,168643.0,11585.0,60599.0,15231.0,23181.0,15267.0,30538.0,5523.0,18981.0,13147.0,1908.0,31913.0,136662.0,157373.0,31981.0,11270.0
582,2008-05-27,173422.0,11450.0,63629.0,15520.0,24508.0,14211.0,35391.0,6819.0,18212.0,13083.0,2219.0,32908.0,140774.0,162507.0,32648.0,10915.0
583,2008-05-20,175014.0,13271.0,62065.0,14884.0,24376.0,14476.0,34682.0,6225.0,19151.0,11947.0,2990.0,34009.0,142420.0,163292.0,32594.0,11721.0
584,2008-05-13,167647.0,13519.0,59435.0,15118.0,23672.0,14658.0,30301.0,6318.0,18606.0,11561.0,1597.0,31797.0,135561.0,156083.0,32085.0,11564.0
585,2008-05-06,165979.0,15170.0,60833.0,15239.0,23710.0,13507.0,29745.0,5047.0,18614.0,11913.0,1590.0,31014.0,135202.0,154316.0,30777.0,11663.0
586,2008-04-29,169857.0,18101.0,68118.0,17451.0,23171.0,12648.0,29645.0,4267.0,19293.0,13131.0,1815.0,29895.0,140164.0,159208.0,29693.0,10649.0
587,2008-04-22,208635.0,27325.0,80063.0,18266.0,24827.0,16832.0,31240.0,3754.0,31970.0,12878.0,1417.0,37584.0,176094.0,196446.0,32541.0,12190.0
588,2008-04-15,204091.0,25247.0,77612.0,18798.0,23923.0,15192.0,29434.0,3609.0,30651.0,13726.0,1735.0,38499.0,171546.0,191220.0,32545.0,12871.0
589,2008-04-08,199725.0,25375.0,77043.0,18667.0,23317.0,12403.0,29035.0,3992.0,30028.0,14264.0,2599.0,37835.0,167606.0,187217.0,32119.0,12508.0
590,2008-04-01,197288.0,24242.0,77165.0,19356.0,22998.0,11536.0,29028.0,3529.0,30548.0,13790.0,1966.0,36800.0,165300.0,184542.0,31987.0,12745.0
591,2008-03-25,204456.0,24857.0,79766.0,19051.0,23934.0,11414.0,31183.0,5281.0,31575.0,14589.0,1869.0,38022.0,170692.0,191861.0,33764.0,12594.0
592,2008-03-18,219284.0,24012.0,86497.0,16770.0,25663.0,11993.0,42261.0,4082.0,33392.0,13669.0,2386.0,41337.0,183434.0,205350.0,35850.0,13934.0
593,2008-03-11,218459.0,24271.0,86991.0,17566.0,25748.0,11871.0,41260.0,3723.0,33653.0,14244.0,2007.0,39637.0,182501.0,203630.0,35957.0,14829.0
594,2008-03-04,221282.0,24362.0,88269.0,17981.0,24690.0,12808.0,44141.0,3365.0,33610.0,13283.0,4782.0,37732.0,183917.0,205257.0,37365.0,16025.0
595,2008-02-26,219587.0,24206.0,89819.0,16742.0,24356.0,12409.0,48348.0,3855.0,32535.0,11584.0,3487.0,32670.0,178496.0,199131.0,41091.0,20456.0
596,2008-02-19,245791.0,30356.0,95337.0,12749.0,24255.0,22168.0,48892.0,5495.0,38784.0,12592.0,3570.0,40394.0,205933.0,230001.0,39857.0,15790.0
597,2008-02-12,242449.0,30262.0,91873.0,12903.0,24707.0,20795.0,49190.0,5195.0,39839.0,12048.0,4049.0,41260.0,206297.0,227719.0,36152.0,14730.0
598,2008-02-05,234465.0,30124.0,88501.0,11443.0,24871.0,16438.0,45611.0,5173.0,43002.0,11421.0,2249.0,39459.0,197497.0,219694.0,36967.0,14771.0
599,2008-01-29,234250.0,29126.0,86172.0,11007.0,25568.0,15626.0,44438.0,6104.0,43082.0,11679.0,3479.0,39418.0,194375.0,219449.0,39875.0,14801.0
600,2008-01-22,228778.0,29490.0,84472.0,10551.0,25643.0,13296.0,45197.0,7780.0,43209.0,11464.0,2739.0,37071.0,190277.0,214211.0,38501.0,14567.0
601,2008-01-15,226925.0,28297.0,82260.0,12991.0,25559.0,10553.0,41348.0,8703.0,44680.0,13027.0,2843.0,36926.0,187822.0,211523.0,39103.0,15402.0
602,2008-01-08,213535.0,28965.0,79176.0,10767.0,25386.0,10557.0,38014.0,7946.0,41408.0,12337.0,1974.0,32980.0,175027.0,199426.0,38508.0,14109.0
603,2007-12-31,191024.0,27829.0,73150.0,11395.0,23947.0,8615.0,29581.0,6787.0,35774.0,12811.0,943.0,29700.0,155705.0,178917.0,35318.0,12107.0
604,2007-12-24,187916.0,29128.0,72932.0,12675.0,22674.0,8357.0,26682.0,7573.0,34899.0,12756.0,951.0,28936.0,153433.0,176320.0,34483.0,11596.0
605,2007-12-18,184158.0,28824.0,68836.0,13010.0,21674.0,8782.0,23986.0,10795.0,32334.0,13054.0,1293.0,28039.0,148028.0,171753.0,36130.0,12405.0
606,2007-12-11,187510.0,26878.0,72339.0,13786.0,23079.0,8823.0,27982.0,8873.0,31243.0,13503.0,1821.0,29850.0,152065.0,176027.0,35446.0,11483.0
607,2007-12-04,174713.0,23678.0,65366.0,13257.0,23031.0,8049.0,25903.0,9122.0,26842.0,13016.0,1529.0,28599.0,139344.0,162538.0,35370.0,12175.0
608,2007-11-27,179254.0,22015.0,66900.0,13315.0,22593.0,9639.0,28420.0,10169.0,25961.0,14216.0,768.0,28151.0,141716.0,164180.0,37538.0,15074.0
609,2007-11-20,193720.0,21438.0,69161.0,13795.0,23060.0,14117.0,32224.0,10216.0,26792.0,11535.0,1545.0,35031.0,154932.0,179921.0,38788.0,13799.0
610,2007-11-13,194623.0,18104.0,68225.0,15189.0,24029.0,12716.0,34548.0,9567.0,27835.0,11136.0,2123.0,34252.0,153780.0,178746.0,40843.0,15877.0
611,2007-11-06,202422.0,18770.0,69089.0,17201.0,24930.0,11224.0,36994.0,9707.0,27498.0,10716.0,2580.0,38451.0,160854.0,183479.0,41568.0,18943.0
612,2007-10-30,174092.0,13649.0,59145.0,16908.0,24720.0,9362.0,33498.0,9991.0,21556.0,9783.0,2441.0,31861.0,136617.0,159076.0,37475.0,15016.0
613,2007-10-23,160043.0,12638.0,56042.0,17209.0,23057.0,8217.0,30300.0,9539.0,20417.0,9956.0,1588.0,27442.0,126179.0,146302.0,33865.0,13741.0
614,2007-10-16,161068.0,12107.0,55767.0,16595.0,23442.0,8161.0,29383.0,9832.0,20357.0,11741.0,1888.0,28101.0,126445.0,147548.0,34623.0,13520.0
615,2007-10-09,153803.0,10836.0,54013.0,17123.0,22771.0,7164.0,29615.0,9842.0,18788.0,10937.0,2016.0,26793.0,121256.0,141386.0,32547.0,12417.0
616,2007-10-02,149720.0,9846.0,50916.0,17174.0,22272.0,7140.0,28024.0,11053.0,18645.0,10487.0,941.0,25941.0,117258.0,136909.0,32463.0,12812.0
617,2007-09-25,149867.0,10601.0,52250.0,17439.0,19134.0,7599.0,26119.0,10734.0,18588.0,11029.0,1441.0,26958.0,118332.0,136703.0,31535.0,13163.0
618,2007-09-18,139669.0,14184.0,46764.0,18274.0,16663.0,6809.0,17086.0,12390.0,17614.0,10914.0,1934.0,23685.0,108565.0,125859.0,31104.0,13810.0
619,2007-09-11,135725.0,13292.0,44209.0,17467.0,15555.0,6420.0,15637.0,14348.0,17898.0,12074.0,1221.0,21535.0,104324.0,121187.0,31401.0,14539.0
620,2007-09-04,132025.0,14232.0,42439.0,18395.0,18106.0,5899.0,14451.0,14283.0,17408.0,11930.0,1096.0,19319.0,101635.0,118551.0,30391.0,13474.0
621,2007-08-28,135059.0,13630.0,44289.0,20449.0,19306.0,6027.0,14408.0,14069.0,17925.0,11534.0,875.0,19333.0,103306.0,121824.0,31753.0,13235.0
622,2007-08-21,150179.0,15752.0,48208.0,20714.0,21554.0,8328.0,15978.0,12736.0,20508.0,14125.0,1339.0,23516.0,118920.0,136188.0,31259.0,13991.0
623,2007-08-14,148045.0,14498.0,50312.0,18189.0,29060.0,7125.0,19632.0,8689.0,19417.0,15468.0,880.0,19130.0,113461.0,134614.0,34584.0,13431.0
624,2007-08-07,148151.0,13132.0,50121.0,17040.0,28905.0,7216.0,25617.0,9167.0,18029.0,13499.0,1213.0,19398.0,113930.0,134047.0,34221.0,14103.0
625,2007-07-31,143544.0,11707.0,47207.0,17238.0,29460.0,6613.0,24733.0,10331.0,16532.0,13229.0,1030.0,18638.0,108691.0,129812.0,34853.0,13732.0
626,2007-07-24,147323.0,10010.0,50435.0,16198.0,29339.0,6522.0,29040.0,9053.0,15103.0,13767.0,1607.0,22355.0,112995.0,134414.0,34328.0,12908.0
627,2007-07-17,140322.0,9899.0,46142.0,17770.0,28582.0,5888.0,24464.0,10753.0,14296.0,13960.0,1442.0,20146.0,106423.0,127250.0,33898.0,13071.0
628,2007-07-10,141360.0,9594.0,44406.0,17773.0,27473.0,7809.0,24498.0,13410.0,14686.0,14468.0,1121.0,19106.0,107934.0,128012.0,33427.0,13349.0
629,2007-07-03,141312.0,10840.0,42257.0,17754.0,27349.0,7780.0,24411.0,14890.0,15161.0,13149.0,1250.0,19031.0,108126.0,127717.0,33186.0,13595.0
630,2007-06-26,143650.0,10213.0,45736.0,16559.0,27360.0,8504.0,24368.0,12207.0,15372.0,14394.0,1626.0,18238.0,107650.0,129045.0,36000.0,14605.0
631,2007-06-19,151279.0,8186.0,49120.0,14087.0,29615.0,10129.0,28425.0,9844.0,14600.0,15438.0,0.0,23820.0,114685.0,137129.0,36594.0,14150.0
632,2007-06-12,144674.0,7550.0,44640.0,13939.0,29217.0,7918.0,28468.0,11645.0,14781.0,15245.0,1143.0,22540.0,110439.0,131883.0,34235.0,12791.0
633,2007-06-05,141695.0,7596.0,45212.0,11999.0,29833.0,7673.0,29876.0,10507.0,13153.0,14313.0,1094.0,20871.0,105481.0,128343.0,36214.0,13352.0
634,2007-05-29,134942.0,8034.0,42985.0,13712.0,27510.0,6779.0,25800.0,13275.0,12753.0,14879.0,328.0,18513.0,100470.0,122143.0,34472.0,12799.0
635,2007-05-22,133402.0,8330.0,40846.0,14152.0,27567.0,6706.0,24034.0,13565.0,12197.0,14831.0,907.0,19777.0,100028.0,121564.0,33375.0,11838.0
636,2007-05-15,132019.0,8860.0,44506.0,13364.0,28851.0,6101.0,26061.0,11396.0,10679.0,14273.0,814.0,18739.0,98078.0,121086.0,33941.0,10933.0
637,2007-05-08,132804.0,9436.0,44564.0,12896.0,29236.0,5556.0,26632.0,11489.0,9968.0,13770.0,772.0,19393.0,97650.0,120978.0,35154.0,11826.0
638,2007-05-01,132297.0,8861.0,46085.0,12221.0,29224.0,5771.0,28294.0,10874.0,9489.0,13385.0,787.0,19270.0,97291.0,121501.0,35006.0,10796.0
639,2007-04-24,154004.0,12721.0,52707.0,11236.0,30547.0,10062.0,32402.0,8992.0,10763.0,14703.0,1220.0,25537.0,117424.0,139828.0,36580.0,14176.0
640,2007-04-17,153283.0,12133.0,51263.0,11306.0,30797.0,9728.0,31232.0,8138.0,11251.0,13847.0,1438.0,25764.0,115261.0,138379.0,38022.0,14903.0
641,2007-04-10,147885.0,12779.0,48949.0,11729.0,31344.0,8601.0,28073.0,8113.0,11232.0,12668.0,889.0,25289.0,110371.0,134417.0,37514.0,13469.0
642,2007-04-03,137916.0,12530.0,45254.0,11348.0,29418.0,8356.0,24389.0,7597.0,10614.0,12590.0,511.0,21604.0,101431.0,123356.0,36485.0,14560.0
643,2007-03-27,136408.0,15341.0,49290.0,11735.0,28876.0,7807.0,23048.0,6226.0,10451.0,12681.0,600.0,21337.0,102400.0,124588.0,34008.0,11820.0
644,2007-03-20,140501.0,18147.0,49497.0,11156.0,28732.0,8348.0,23024.0,6434.0,10610.0,11418.0,687.0,22733.0,105435.0,127040.0,35066.0,13461.0
645,2007-03-13,137688.0,18159.0,49700.0,10973.0,29010.0,6801.0,24424.0,6658.0,9184.0,11656.0,642.0,22729.0,103925.0,124724.0,33762.0,12964.0
646,2007-03-06,140844.0,17013.0,52865.0,10596.0,29469.0,6669.0,29780.0,6673.0,8866.0,10501.0,857.0,22478.0,105903.0,127876.0,34941.0,12967.0
647,2007-02-27,154686.0,16633.0,63511.0,7394.0,32402.0,4838.0,50800.0,5743.0,10277.0,9271.0,2654.0,22693.0,121907.0,142119.0,32779.0,12567.0
648,2007-02-20,160547.0,18770.0,55861.0,8178.0,33310.0,8245.0,41650.0,7023.0,9610.0,10866.0,2709.0,27295.0,124615.0,144053.0,35932.0,16494.0
649,2007-02-13,157834.0,18807.0,55162.0,8446.0,33789.0,7548.0,39606.0,6495.0,10440.0,10102.0,3070.0,27637.0,122587.0,144142.0,35247.0,13692.0
650,2007-02-06,147958.0,17917.0,52694.0,8498.0,32448.0,6934.0,35687.0,5825.0,9277.0,9872.0,2559.0,25111.0,113297.0,134848.0,34661.0,13110.0
651,2007-01-30,141480.0,16869.0,50715.0,8618.0,31550.0,6402.0,32980.0,5416.0,8926.0,9936.0,2277.0,23595.0,107324.0,128880.0,34156.0,12600.0
652,2007-01-23,138587.0,17406.0,48624.0,8893.0,30392.0,5987.0,29390.0,4859.0,9328.0,9841.0,2270.0,24049.0,104893.0,125509.0,33694.0,13078.0
653,2007-01-16,128950.0,14743.0,44061.0,9079.0,28249.0,6333.0,27159.0,4997.0,8649.0,9230.0,2398.0,21776.0,96968.0,116462.0,31982.0,12488.0
654,2007-01-09,129245.0,14035.0,44620.0,11095.0,27981.0,5886.0,27557.0,5363.0,7986.0,9497.0,2085.0,22218.0,98274.0,116137.0,30972.0,13108.0
655,2007-01-03,130632.0,14951.0,46923.0,11743.0,28409.0,4295.0,26342.0,6108.0,8412.0,9635.0,2001.0,21650.0,97029.0,117799.0,33603.0,12832.0
656,2006-12-26,127538.0,13076.0,47598.0,13661.0,28565.0,4792.0,26658.0,4861.0,8027.0,10760.0,1957.0,20570.0,97544.0,116370.0,29994.0,11168.0
657,2006-12-19,133716.0,13493.0,49630.0,12064.0,29360.0,7055.0,28303.0,4873.0,7400.0,11711.0,1578.0,21832.0,101858.0,121729.0,31859.0,11988.0
658,2006-12-12,139533.0,11932.0,52882.0,11694.0,32941.0,4464.0,41213.0,4379.0,6977.0,7725.0,3185.0,22013.0,106017.0,126840.0,33516.0,12693.0
659,2006-12-05,136023.0,11318.0,50817.0,11629.0,32253.0,4877.0,39679.0,4369.0,6789.0,6475.0,2253.0,22678.0,103444.0,124036.0,32579.0,11987.0
660,2006-11-28,136194.0,12700.0,49259.0,9784.0,31178.0,5178.0,36335.0,4941.0,8337.0,7258.0,1584.0,23424.0,103015.0,123900.0,33179.0,12294.0
661,2006-11-21,156551.0,16804.0,50482.0,9213.0,31025.0,10587.0,34880.0,5384.0,14299.0,6822.0,1863.0,29385.0,121990.0,143024.0,34561.0,13527.0
662,2006-11-14,156613.0,15202.0,47173.0,9183.0,30189.0,13635.0,33759.0,5684.0,15132.0,6924.0,2616.0,28558.0,122392.0,142987.0,34221.0,13626.0
663,2006-11-07,151596.0,16633.0,45098.0,9610.0,29494.0,9176.0,29509.0,6104.0,17396.0,6180.0,2254.0,26958.0,115462.0,136481.0,36134.0,15115.0
664,2006-10-31,146743.0,16477.0,42600.0,10158.0,29031.0,8417.0,26792.0,5889.0,17843.0,5845.0,2211.0,27126.0,112657.0,133116.0,34086.0,13627.0
665,2006-10-24,145379.0,18608.0,42509.0,10206.0,27428.0,8214.0,23268.0,6593.0,18062.0,7731.0,1895.0,27332.0,113421.0,132034.0,31958.0,13345.0
666,2006-10-17,142505.0,18431.0,41112.0,10869.0,27074.0,8306.0,22446.0,6655.0,17949.0,6020.0,2528.0,26758.0,110778.0,130381.0,31726.0,12124.0
667,2006-10-10,134365.0,18061.0,38961.0,11391.0,24962.0,8462.0,19115.0,7463.0,16856.0,5721.0,1353.0,24348.0,103954.0,122404.0,30410.0,11961.0
668,2006-10-03,132231.0,16755.0,38425.0,11609.0,24404.0,8164.0,18545.0,7303.0,16247.0,5784.0,1331.0,24060.0,101166.0,119935.0,31066.0,12296.0
669,2006-09-26,134036.0,16817.0,38414.0,11614.0,24686.0,8843.0,19458.0,7912.0,16251.0,6050.0,2204.0,24712.0,103746.0,123023.0,30290.0,11013.0
670,2006-09-19,134640.0,15939.0,38431.0,12439.0,23441.0,6854.0,18202.0,8445.0,16645.0,7182.0,2992.0,25124.0,102386.0,121932.0,32254.0,12708.0
671,2006-09-12,135528.0,14935.0,39064.0,11140.0,25015.0,6763.0,22128.0,6359.0,17168.0,7214.0,5359.0,24239.0,103589.0,123969.0,31938.0,11559.0
672,2006-09-05,145645.0,13571.0,42842.0,9148.0,27782.0,7368.0,29447.0,4649.0,19646.0,6289.0,5968.0,24973.0,110442.0,133229.0,35203.0,12417.0
673,2006-08-29,144938.0,14636.0,41986.0,8240.0,27251.0,7353.0,27654.0,3977.0,21990.0,6217.0,5054.0,24066.0,110155.0,131676.0,34783.0,13262.0
674,2006-08-22,156771.0,15782.0,44232.0,8665.0,27534.0,9400.0,28126.0,2606.0,23401.0,6461.0,5850.0,30282.0,122117.0,143306.0,34654.0,13465.0
675,2006-08-15,149122.0,15603.0,42727.0,8961.0,27248.0,7208.0,27005.0,3294.0,22683.0,5791.0,4971.0,29677.0,116928.0,137808.0,32194.0,11314.0
676,2006-08-08,146644.0,14215.0,42261.0,9410.0,27453.0,5361.0,27083.0,3344.0,22233.0,6309.0,4841.0,28291.0,112903.0,133785.0,33741.0,12859.0
677,2006-08-01,133573.0,14914.0,40195.0,8586.0,25262.0,5160.0,22655.0,3932.0,18559.0,6004.0,4474.0,25949.0,101827.0,123531.0,31746.0,10042.0
678,2006-07-25,132941.0,14678.0,39511.0,9412.0,23491.0,6531.0,19518.0,3560.0,18148.0,7462.0,4203.0,26259.0,102008.0,121703.0,30933.0,11238.0
679,2006-07-18,135165.0,15498.0,40448.0,9919.0,23180.0,6989.0,19678.0,3993.0,17848.0,7578.0,4556.0,26198.0,103706.0,123210.0,31460.0,11955.0
680,2006-07-11,135926.0,17402.0,40416.0,7162.0,23318.0,9146.0,20355.0,2292.0,17320.0,7085.0,5190.0,26255.0,104725.0,123937.0,31201.0,11989.0
681,2006-07-03,131659.0,17188.0,39594.0,7627.0,24463.0,9217.0,19253.0,2699.0,15986.0,7805.0,4555.0,24247.0,101322.0,120760.0,30337.0,10899.0
682,2006-06-27,141778.0,21210.0,37728.0,5479.0,24855.0,13288.0,19131.0,6351.0,16541.0,8047.0,4725.0,27334.0,111030.0,130822.0,30748.0,10956.0
683,2006-06-20,161702.0,22672.0,43904.0,5739.0,25298.0,11921.0,20212.0,6584.0,18500.0,8778.0,2277.0,40564.0,128386.0,149049.0,33315.0,12653.0
684,2006-06-13,163132.0,20386.0,42554.0,4276.0,26423.0,12876.0,21445.0,5659.0,18283.0,8721.0,2186.0,41148.0,127135.0,149130.0,35997.0,14003.0
