Date,Day of Week,Open,High,Low,Last,Change,Settle,Volume,Previous Day Open Interest
7/19/2019,Friday,1448.4,1454.5,1421.1,1426.6,1.4,1426.7,38071,7504
7/18/2019,Thursday,1431.6,1450,1415.7,1447.5,4.8,1428.1,35386,7697
7/17/2019,Wednesday,1407.8,1428.3,1400.7,1428.1,12.1,1423.3,24880,8420
7/16/2019,Tuesday,1416.3,1420,1402.1,1407.7,2.3,1411.2,23054,8265
7/15/2019,Monday,1421,1421.5,1409.2,1416,1.3,1413.5,19389,8074
7/12/2019,Friday,1405.6,1419,1404.5,1417.6,5.5,1412.2,22569,8623
7/11/2019,Thursday,1421.1,1429.2,1402.7,1405.7,5.8,1406.7,26687,8333
7/10/2019,Wednesday,1399.9,1421.1,1391.8,1421.1,12,1412.5,28315,8781
7/9/2019,Tuesday,1397.9,1402.1,1387.6,1399.6,0.5,1400.5,20601,8632
7/8/2019,Monday,1400.9,1409.9,1393.8,1397.5,0.1,1400,23318,8418
7/5/2019,Friday,1421.9,1427,1388,1401.5,20.8,1400.1,45549,6863
7/3/2019,Wednesday,1424.9,1440.7,1414.8,1421.7,12.9,1420.9,36953,6559
7/2/2019,Tuesday,1386.8,1424,1386.4,1421.4,18.7,1408,26837,7459
7/1/2019,Monday,1407,1407.3,1380,1387,24.4,1389.3,31305,7809
6/28/2019,Friday,1413,1427.7,1408.6,1412.4,1.7,1413.7,31970,7981
6/27/2019,Thursday,1412.9,1415.2,1401.6,1413,3.4,1412,31809,7378
6/26/2019,Wednesday,1406.1,1408.4,1403.6,1408.4,3.3,1411.6,47,1350
6/25/2019,Tuesday,1418.5,1424.4,1418.5,1424.4,0.6,1414.9,3,1383
6/24/2019,Monday,1419,1421,1419,1421,18.1,1414.3,3,1380
6/21/2019,Friday,1393.3,1393.3,1388,1388,3.3,1396.2,3,1383
6/20/2019,Thursday,,1378,,1378,48.3,1392.9,0,1383
6/19/2019,Wednesday,,,,,2,1344.6,0,1383
6/18/2019,Tuesday,1351.6,1351.6,1343,1343,7.9,1346.6,7,1385
6/17/2019,Monday,,,,,1.4,1338.7,0,1385
6/14/2019,Friday,1346,1351.1,1346,1351.1,0.9,1340.1,11,1386
6/13/2019,Thursday,1338.9,1338.9,1338.9,1338.9,7.3,1339.2,2,1388
6/12/2019,Wednesday,1330.6,1337.4,1330.6,1337.4,5.5,1331.9,2,1388
6/11/2019,Tuesday,,1330,,1330,1.7,1326.4,0,1388
6/10/2019,Monday,,,,,16.5,1324.7,0,1388
6/7/2019,Friday,1342.2,1342.2,1340,1340,3.6,1341.2,126,1393
6/6/2019,Thursday,,,,,9.3,1337.6,0,1393
6/5/2019,Wednesday,1328,1334.6,1326.7,1329.6,4.9,1328.3,16,1393
6/4/2019,Tuesday,1330.9,1330.9,1322.6,1329.3,0.7,1323.4,7,1394
6/3/2019,Monday,1312.8,1329.5,1310.7,1329.2,16.9,1322.7,39,1386
5/31/2019,Friday,1289.8,1305,1289,1302.6,18.7,1305.8,71,1403
5/30/2019,Thursday,1279.7,1288.8,1274.1,1288.7,6.1,1287.1,837,2103
5/29/2019,Wednesday,1279,1285.1,1278.5,1279.2,3.9,1281,4021,4148
5/28/2019,Tuesday,1283.6,1286.9,1275.2,1278.6,6.5,1277.1,7760,4501
5/24/2019,Friday,1283.2,1284.7,1280,1284,1.8,1283.6,4782,4586
5/23/2019,Thursday,1273.5,1287,1272.1,1283.1,11.2,1285.4,7485,4825
5/22/2019,Wednesday,1274.7,1277,1271.9,1273,1,1274.2,4435,5213
5/21/2019,Tuesday,1277.5,1277.7,1269.1,1274.5,4.1,1273.2,5426,5059
5/20/2019,Monday,1277.7,1278.8,1273.1,1277.4,1.6,1277.3,4852,5048
5/17/2019,Friday,1286.6,1289,1274.6,1277.3,10.5,1275.7,7829,4963
5/16/2019,Thursday,1297.3,1299.2,1284.2,1286.8,11.6,1286.2,7426,5206
5/15/2019,Wednesday,1297.5,1301.8,1293.6,1297.3,1.5,1297.8,6221,5142
5/14/2019,Tuesday,1301.5,1304.2,1294.4,1297.6,5.5,1296.3,6046,5305
5/13/2019,Monday,1287.4,1302.2,1282.3,1300.8,14.4,1301.8,10116,4478
5/10/2019,Friday,1284.9,1290.3,1283.9,1286.5,2.2,1287.4,6271,4519
5/9/2019,Thursday,1281.8,1289.1,1280.4,1284.8,3.8,1285.2,8043,4707
5/8/2019,Wednesday,1285.9,1292.7,1280.3,1281.8,4.2,1281.4,8143,4292
5/7/2019,Tuesday,1282.5,1287.2,1279.2,1285.6,1.8,1285.6,6234,4309
5/6/2019,Monday,1281.7,1287.3,1278.2,1282.2,2.5,1283.8,7197,4221
5/3/2019,Friday,1271.6,1283.9,1268.2,1280.3,9.3,1281.3,9098,4911
5/2/2019,Thursday,1278.1,1279.3,1267.3,1271.7,12.2,1272,8849,4534
5/1/2019,Wednesday,1285.4,1289.1,1274.6,1278.2,1.5,1284.2,10932,4448
4/30/2019,Tuesday,1281.6,1288.1,1281.6,1285.2,4.2,1285.7,7204,4452
4/29/2019,Monday,1288.4,1288.8,1279.9,1281.7,7.3,1281.5,6061,4443
4/26/2019,Friday,,,,,9.1,1284.9,0,810
4/25/2019,Thursday,,,,,0.3,1275.8,0,1011
4/24/2019,Wednesday,,,,,6.2,1275.5,0,1011
4/23/2019,Tuesday,1267.6,1267.6,1267.6,1267.6,4.2,1269.3,1,1012
4/22/2019,Monday,,,,,1.6,1273.5,0,1012
4/18/2019,Thursday,,,,,0.3,1271.9,0,1012
4/17/2019,Wednesday,1276.1,1276.1,1276.1,1276.1,0.4,1272.2,1,1013
4/16/2019,Tuesday,1277.5,1277.5,1271.9,1271.9,14.2,1272.6,2,1013
4/15/2019,Monday,,,,,3.8,1286.8,0,1013
4/12/2019,Friday,,,,,2,1290.6,0,1013
4/11/2019,Thursday,,,,,20.5,1288.6,0,1013
4/10/2019,Wednesday,,,,,5.6,1309.1,0,1013
4/9/2019,Tuesday,1301.5,1301.5,1301.5,1301.5,6.4,1303.5,4,1017
4/8/2019,Monday,1295.3,1295.3,1295.3,1295.3,6.7,1297.1,2,1019
4/5/2019,Friday,,,,,1.4,1290.4,0,1019
4/4/2019,Thursday,1283,1283,1283,1283,0.9,1289,2,1020
4/3/2019,Wednesday,,,,,0.1,1289.9,0,1020
4/2/2019,Tuesday,1288,1290.4,1285,1290.4,1.6,1290,15,1020
4/1/2019,Monday,1287,1294.3,1287,1288.5,4.6,1288.4,116,1022
3/29/2019,Friday,1291.4,1295.1,1288.6,1295.1,3.2,1293,6,1026
3/28/2019,Thursday,1309,1310.9,1287.6,1289.5,20.6,1289.8,1186,2830
3/27/2019,Wednesday,1315.3,1318.8,1307.4,1308.8,4.6,1310.4,9943,3219
3/26/2019,Tuesday,1321.3,1322.8,1312.3,1315.1,7.6,1315,9571,3759
3/25/2019,Monday,1313.3,1324.4,1310.7,1321.7,10.3,1322.6,9242,3541
3/22/2019,Friday,1309.1,1314.7,1306.5,1313.2,5,1312.3,9296,3398
3/21/2019,Thursday,1312.6,1320.1,1302.8,1309,5.6,1307.3,12526,3615
3/20/2019,Wednesday,1306.5,1317.1,1298.3,1312.6,4.8,1301.7,13908,3647
3/19/2019,Tuesday,1303.4,1310.8,1302.1,1306.4,5,1306.5,7896,3592
3/18/2019,Monday,1302.3,1306.7,1297.9,1303.4,1.4,1301.5,7815,3645
3/15/2019,Friday,1295.8,1306.2,1293.6,1302.2,7.8,1302.9,10315,3796
3/14/2019,Thursday,1309.1,1310.4,1292.6,1295.8,14.2,1295.1,11253,3647
3/13/2019,Wednesday,1302.8,1311.5,1300.6,1309.3,11.2,1309.3,8233,3773
3/12/2019,Tuesday,1293.8,1302.7,1292.1,1301.7,7,1298.1,8165,4116
3/11/2019,Monday,1298.6,1299.2,1290.6,1293.4,8.2,1291.1,8947,3775
3/8/2019,Friday,1286.2,1301.3,1285.6,1298.6,13.2,1299.3,13527,4186
3/7/2019,Thursday,1287.2,1289.5,1281.1,1286,1.5,1286.1,8873,4145
3/6/2019,Wednesday,1288.4,1291.7,1284.3,1287.2,2.9,1287.6,8469,3892
3/5/2019,Tuesday,1287.6,1290.6,1282,1288.7,2.8,1284.7,10155,3997
3/4/2019,Monday,1294.8,1298.1,1283.8,1287.7,11.7,1287.5,13286,3909
3/1/2019,Friday,1315.3,1316.5,1291.2,1294.6,16.9,1299.2,16057,3728
2/28/2019,Thursday,1321.9,1328.9,1313.9,1314.7,5.1,1316.1,11851,3679
2/27/2019,Wednesday,1331.1,1332,1318.6,1321.5,7.3,1321.2,8161,3343
2/26/2019,Tuesday,,,,,0.8,1325.1,0,560
2/25/2019,Monday,1329.8,1329.8,1326,1326,3.3,1325.9,6,874
2/22/2019,Friday,,,,,5.7,1329.2,0,874
2/21/2019,Thursday,1333.1,1333.1,1333.1,1333.1,19.8,1323.5,1,875
2/20/2019,Wednesday,,,,,3.2,1343.3,0,875
2/19/2019,Tuesday,1328.7,1331.6,1327.7,1331.6,22,1340.1,4,878
2/15/2019,Friday,,,,,8.3,1318.1,0,878
2/14/2019,Thursday,1308.4,1308.4,1307.6,1308.3,1,1309.8,9,878
2/13/2019,Wednesday,1314.5,1320.2,1308.6,1308.6,1.6,1310.8,12,874
2/12/2019,Tuesday,1314.7,1314.7,1314.7,1314.7,2.2,1309.2,1,874
2/11/2019,Monday,1310,1310,1310,1310,6.7,1307,2,874
2/8/2019,Friday,1313.9,1313.9,1313.9,1313.9,4.3,1313.7,3,875
2/7/2019,Thursday,1312.5,1314.4,1308.6,1308.6,0.1,1309.4,7,877
2/6/2019,Wednesday,1315.4,1315.4,1311.8,1311.8,4.7,1309.5,2,878
2/5/2019,Tuesday,1319.1,1319.1,1314.4,1314.5,0.1,1314.2,2,879
2/4/2019,Monday,1314.1,1316.7,1314.1,1314.3,2.6,1314.3,9,883
2/1/2019,Friday,1323.3,1324.7,1317.5,1317.5,2.8,1316.9,12,887
1/31/2019,Thursday,1318.4,1326.8,1318.4,1319.5,9.8,1319.7,127,888
1/30/2019,Wednesday,1310.7,1325,1308.2,1321.7,1,1309.9,1283,1571
1/29/2019,Tuesday,1302.9,1310.7,1301.7,1310.2,5.8,1308.9,6790,3579
1/28/2019,Monday,1301.9,1303.7,1296.6,1302.4,5,1303.1,7337,4151
1/25/2019,Friday,1281.2,1304,1279,1302.4,18.3,1298.1,10760,4682
1/24/2019,Thursday,1282.3,1283.9,1275.3,1280.1,4.2,1279.8,7053,4719
1/23/2019,Wednesday,1284.5,1285.9,1277.6,1281.9,0.6,1284,6960,4952
1/22/2019,Tuesday,1281.2,1284.9,1275.7,1284.7,0.8,1283.4,11213,4931
1/18/2019,Friday,1292,1292.3,1280,1280.9,9.7,1282.6,8046,5033
1/17/2019,Thursday,1293.5,1295,1288.3,1291.5,1.5,1292.3,6884,5338
1/16/2019,Wednesday,1289.4,1295.1,1287.7,1293.5,5.4,1293.8,6148,4970
1/15/2019,Tuesday,1291.8,1294.8,1286.6,1289.2,2.9,1288.4,9083,5098
1/14/2019,Monday,1287.2,1296.3,1287.2,1291.8,1.8,1291.3,8189,4983
1/11/2019,Friday,1287.3,1295.7,1286.8,1287.7,2.1,1289.5,7461,4954
1/10/2019,Thursday,1294.6,1298.1,1286.8,1287.1,4.6,1287.4,8902,5454
1/9/2019,Wednesday,1285.9,1295,1281,1294.5,6.1,1292,11414,5379
1/8/2019,Tuesday,1290,1291.3,1280.2,1286.2,4,1285.9,10181,5497
1/7/2019,Monday,1286.9,1296.6,1284.1,1290.4,4.1,1289.9,9906,5171
1/4/2019,Friday,1296,1300.5,1278.1,1286.9,9,1285.8,14650,5271
1/3/2019,Thursday,1288,1296.7,1286.4,1296.1,10.7,1294.8,11479,5032
1/2/2019,Wednesday,1284.7,1291,1280.6,1286.4,2.8,1284.1,11088,4962
12/31/2018,Monday,1282.9,1286.4,1279.6,1284.6,1.7,1281.3,6211,5265
12/28/2018,Friday,1277.8,1284.7,1276.7,1283.3,1.9,1283,7998,5275
12/27/2018,Thursday,,,,,8.1,1277.3,0,593
12/26/2018,Wednesday,1273.8,1274.6,1265.5,1267.4,1.7,1269.2,6,598
12/24/2018,Monday,1259,1259,1259,1259,13.7,1267.5,1,598
12/21/2018,Friday,,,,,9.8,1253.8,0,598
12/20/2018,Thursday,1265.6,1265.6,1260.5,1260.5,11.5,1263.6,3,619
12/19/2018,Wednesday,,,,,2.9,1252.1,0,659
12/18/2018,Tuesday,1249.2,1249.2,1249.2,1249.2,1.8,1249.2,1,709
12/17/2018,Monday,,,,,10.4,1247.4,0,709
12/14/2018,Friday,,,,,5.7,1237,0,709
12/13/2018,Thursday,1249.1,1249.1,1243.1,1245.5,1.7,1242.7,3,740
12/12/2018,Wednesday,1246.8,1246.8,1246.8,1246.8,2.5,1244.4,1,741
12/11/2018,Tuesday,,,,,1.8,1241.9,0,761
12/10/2018,Monday,1248.6,1248.6,1248.6,1248.6,3.1,1243.7,1,782
12/7/2018,Friday,1242.8,1247.5,1242.8,1247.5,8.7,1246.8,4,782
12/6/2018,Thursday,1242,1243,1242,1243,1,1238.1,3,781
12/5/2018,Wednesday,,,,,4,1237.1,0,783
12/4/2018,Tuesday,1241.8,1241.8,1241.8,1241.8,7.2,1241.1,5,794
12/3/2018,Monday,1226.3,1236.5,1226.3,1228.9,13.7,1233.9,8,801
11/30/2018,Friday,1221,1230.8,1213.8,1220,3.9,1220.2,170,827
11/29/2018,Thursday,1220.4,1227.7,1219.2,1221.6,0.5,1224.1,814,3647
11/28/2018,Wednesday,1213.8,1227.3,1210.7,1220.9,10.2,1223.6,4702,5724
11/27/2018,Tuesday,1222.3,1225,1211.4,1214.6,9,1213.4,6156,6013
11/26/2018,Monday,1221.6,1228.5,1221.5,1222.4,0.8,1222.4,4346,6247
11/23/2018,Friday,1227.3,1229.7,1220.5,1223.7,4.8,1223.2,6242,6322
11/21/2018,Wednesday,1222.4,1230.8,1220.2,1226.7,6.8,1228,5313,6327
11/20/2018,Tuesday,1225.3,1229.5,1220.4,1222.1,4.1,1221.2,6532,6421
11/19/2018,Monday,1222.4,1226.2,1218.6,1224.7,2.3,1225.3,5420,6610
11/16/2018,Friday,1213.2,1225.9,1207.8,1221.8,8,1223,7452,6919
11/15/2018,Thursday,1211.4,1216.9,1208,1213.8,4.9,1215,7995,7168
11/14/2018,Wednesday,1203.1,1217.2,1198,1211.4,8.7,1210.1,8896,7234
11/13/2018,Tuesday,1201,1205.6,1196.7,1202.8,2.1,1201.4,7136,7345
11/12/2018,Monday,1210,1211.9,1200.7,1200.8,5.1,1203.5,6550,7610
11/9/2018,Friday,1224.5,1224.5,1207.2,1210.5,16.5,1208.6,8453,7452
11/8/2018,Thursday,1227.9,1228.3,1221.1,1224.6,3.6,1225.1,6993,7324
11/7/2018,Wednesday,1228.8,1238,1224.2,1227.8,2.4,1228.7,9429,7700
11/6/2018,Tuesday,1233.2,1237.6,1225,1228.6,6,1226.3,8135,7741
11/5/2018,Monday,1234.9,1236.6,1228.4,1233.1,1,1232.3,5651,7484
11/2/2018,Friday,1235.9,1238.3,1231.4,1234.6,5.3,1233.3,8480,7461
11/1/2018,Thursday,1214.5,1239.2,1214.4,1235.2,23.6,1238.6,10799,8088
10/31/2018,Wednesday,1225.2,1225.2,1213.4,1216.1,10.3,1215,8925,7891
10/30/2018,Tuesday,1231.7,1232.5,1221.5,1224.6,2.3,1225.3,7194,7874
10/29/2018,Monday,,,,,8,1224.5,4,140
10/26/2018,Friday,,,,,3.4,1232.5,2,150
10/25/2018,Thursday,,,,,1.3,1229.1,0,450
10/24/2018,Wednesday,,,,,5.6,1227.8,0,450
10/23/2018,Tuesday,1222.3,1222.3,1222.3,1222.3,12.2,1233.4,1,451
10/22/2018,Monday,,,,,4.1,1221.2,0,451
10/19/2018,Friday,,,,,1.2,1225.3,0,451
10/18/2018,Thursday,,,,,2.8,1226.5,0,451
10/17/2018,Wednesday,,,,,3.6,1223.7,0,451
10/16/2018,Tuesday,,,,,0.9,1227.3,0,451
10/15/2018,Monday,,1222.4,,1222.4,8.3,1226.4,0,451
10/12/2018,Friday,,,,,5.4,1218.1,0,451
10/11/2018,Thursday,1215.7,1215.7,1215.7,1215.7,34.2,1223.5,1,452
10/10/2018,Wednesday,,,,,2.1,1189.3,1,452
10/9/2018,Tuesday,1183.3,1183.3,1183.3,1183.3,2.8,1187.2,1,452
10/8/2018,Monday,1200.5,1200.5,1200.5,1200.5,16.8,1184.4,1,452
10/5/2018,Friday,,,,,4,1201.2,0,452
10/4/2018,Thursday,,,,,1.1,1197.2,0,462
10/3/2018,Wednesday,,,,,4.1,1198.3,0,462
10/2/2018,Tuesday,,,,,15.3,1202.4,0,462
10/1/2018,Monday,,,,,4.4,1187.1,0,462
9/28/2018,Friday,1185.9,1186.2,1185.9,1186.2,9.2,1191.5,4,475
9/27/2018,Thursday,1193.7,1196.4,1178.7,1179.1,12.1,1182.3,203,714
9/26/2018,Wednesday,1200.3,1201.6,1189.7,1192.8,5.3,1194.4,338,716
9/25/2018,Tuesday,1198.4,1202,1197.4,1200.1,0.1,1199.7,221,785
9/24/2018,Monday,1199.7,1204.1,1194.2,1198.1,3,1199.6,205,1290
9/21/2018,Friday,1206.9,1210.1,1191.8,1199.2,10,1196.6,469,1273
9/20/2018,Thursday,1204.2,1208.3,1201.4,1207.2,2.7,1206.6,321,1325
9/19/2018,Wednesday,1199.2,1206.1,1198.1,1204.4,5.4,1203.9,179,1331
9/18/2018,Tuesday,1201.1,1203.5,1196.1,1198.5,2.7,1198.5,193,1369
9/17/2018,Monday,1194.9,1204.6,1192.9,1201.4,5,1201.2,247,1429
9/14/2018,Friday,1201.6,1208.4,1192.7,1193.2,6.6,1196.2,531,1215
9/13/2018,Thursday,1206.5,1212.4,1200,1201.4,2.7,1202.8,595,1256
9/12/2018,Wednesday,1198.1,1208.1,1192.4,1206,8.7,1205.5,401,1242
9/11/2018,Tuesday,1195.5,1199.1,1187.5,1198.4,2.3,1196.8,281,1214
9/10/2018,Monday,1195.4,1198.2,1191.1,1195.7,0.6,1194.5,280,1188
9/7/2018,Friday,1200.8,1203.5,1194,1196.4,3.9,1195.1,347,1157
9/6/2018,Thursday,1197.3,1207.3,1195.7,1200.2,2.9,1199,476,1185
9/5/2018,Wednesday,1192.2,1198.9,1191.2,1197.2,2.1,1196.1,325,1239
9/4/2018,Tuesday,1201.9,1204.4,1190.2,1191.9,7.6,1194,823,1230
8/31/2018,Friday,1200.9,1209.9,1199.2,1202,1.6,1201.6,771,1088
8/30/2018,Thursday,1207.8,1208.9,1197.5,1200.9,6.5,1200,596,1095
8/29/2018,Wednesday,,,,,2.9,1204.5,8,530
8/28/2018,Tuesday,,,,,1.6,1207.4,0,530
8/27/2018,Monday,,,,,2.7,1209,0,530
8/24/2018,Friday,1189.4,1193,1189.4,1193,19.3,1206.3,6,530
8/23/2018,Thursday,,,,,9.3,1187,0,530
8/22/2018,Wednesday,,,,,3.7,1196.3,0,530
8/21/2018,Tuesday,,,,,5.8,1192.6,0,530
8/20/2018,Monday,,,,,10.3,1186.8,0,530
8/17/2018,Friday,,,,,0.3,1176.5,0,530
8/16/2018,Thursday,1173.2,1173.2,1173,1173,1.3,1176.2,2,532
8/15/2018,Wednesday,,,,,15.5,1177.5,0,532
8/14/2018,Tuesday,1193.8,1193.8,1193.8,1193.8,1.7,1193,4,535
8/13/2018,Monday,1200.2,1200.2,1196.7,1198,19.8,1191.3,5,533
8/10/2018,Friday,1212.1,1212.4,1212.1,1212.4,0.8,1211.1,4,537
8/9/2018,Thursday,,,,,0.7,1211.9,0,537
8/8/2018,Wednesday,1209.6,1211.8,1209.4,1211.8,3,1212.6,12,537
8/7/2018,Tuesday,1214.8,1215,1214.8,1214.9,1,1209.6,4,540
8/6/2018,Monday,1212.2,1212.3,1212.2,1212.3,5.6,1208.6,3,542
8/3/2018,Friday,1208,1213.3,1208,1213.3,3.6,1214.2,5,545
8/2/2018,Thursday,1218.6,1218.6,1216.5,1216.5,7.3,1210.6,6,545
8/1/2018,Wednesday,1223.4,1225.4,1217.5,1219.9,5.8,1217.9,201,692
7/31/2018,Tuesday,1219.8,1225.4,1218.6,1223,2.4,1223.7,43,709
7/30/2018,Monday,1222.1,1223.7,1217.8,1220.9,1.7,1221.3,1297,2151
7/27/2018,Friday,1223.3,1226.7,1216.8,1222.2,2.7,1223,3690,2900
7/26/2018,Thursday,1231.8,1235.3,1221.6,1222,6.1,1225.7,4876,2919
7/25/2018,Wednesday,1224.4,1234.3,1223.2,1231.7,6.3,1231.8,5024,3390
7/24/2018,Tuesday,1223.9,1229.7,1218.2,1224.3,0.1,1225.5,4892,3350
7/23/2018,Monday,1232.1,1235.1,1222.3,1224.4,5.5,1225.6,5092,3431
7/20/2018,Friday,1224.5,1232.3,1215.3,1232.1,7.1,1231.1,5522,3607
7/19/2018,Thursday,1228.7,1229.4,1211,1222.4,3.9,1224,6610,3581
7/18/2018,Wednesday,1226.8,1228.9,1220.8,1227.5,0.6,1227.9,3761,3725
7/17/2018,Tuesday,1240.8,1245,1226,1227.6,12.4,1227.3,5585,3686
7/16/2018,Monday,1241.5,1245.7,1238.4,1241,1.5,1239.7,2900,3743
7/13/2018,Friday,1247.1,1248.3,1236.3,1241.8,5.4,1241.2,4089,3717
7/12/2018,Thursday,1242,1248.8,1241.3,1247.7,2.2,1246.6,3175,3527
7/11/2018,Wednesday,1256,1257.4,1241.8,1241.8,11,1244.4,5043,3562
7/10/2018,Tuesday,1258.6,1260.9,1247.8,1256,4.2,1255.4,4725,3688
7/9/2018,Monday,1257.9,1267,1255.9,1258.3,3.8,1259.6,4660,3677
7/6/2018,Friday,1258.9,1260,1253.8,1255.9,3,1255.8,2991,3486
7/5/2018,Thursday,1253.6,1262.3,1252.1,1258.9,5.3,1258.8,6938,3336
7/3/2018,Tuesday,1241.6,1258.4,1238.8,1254,11.8,1253.5,4917,3828
7/2/2018,Monday,1253.2,1255.5,1240.7,1242.8,12.8,1241.7,4440,3780
6/29/2018,Friday,1250.5,1257,1247,1254.5,3.5,1254.5,4184,3811
6/28/2018,Thursday,1254,1255.8,1247.3,1249.6,5.1,1251,4087,3499
6/27/2018,Wednesday,,,,,3.8,1252.8,0,700
6/26/2018,Tuesday,,,,,9,1256.6,1,700
6/25/2018,Monday,,,,,1.8,1265.6,0,700
6/22/2018,Friday,,,,,0.2,1267.4,0,700
6/21/2018,Thursday,,,,,4,1267.2,0,700
6/20/2018,Wednesday,,,,,4.4,1271.2,0,700
6/19/2018,Tuesday,1272,1272.4,1271.6,1272.4,0.6,1275.6,8,700
6/18/2018,Monday,,,,,1.6,1276.2,0,700
6/15/2018,Friday,,,,,29.4,1274.6,0,700
6/14/2018,Thursday,,,,,7.1,1304,0,700
6/13/2018,Wednesday,1295.1,1295.1,1293.3,1293.3,1.8,1296.9,3,703
6/12/2018,Tuesday,1298.3,1298.3,1298.3,1298.3,3.8,1295.1,1,704
6/11/2018,Monday,,,,,0.8,1298.9,0,704
6/8/2018,Friday,1297.9,1299.7,1296.7,1299.7,0.6,1298.1,4,706
6/7/2018,Thursday,1297.6,1298.8,1297.6,1298.8,1.6,1298.7,2,708
6/6/2018,Wednesday,1298,1298.4,1295.4,1295.9,0.4,1297.1,12,714
6/5/2018,Tuesday,1294.3,1297.1,1294.3,1297.1,4.4,1297.5,173,746
6/4/2018,Monday,1294.2,1296.5,1290,1295.6,1.7,1293.1,10,747
6/1/2018,Friday,1297.6,1298.6,1293.8,1297.9,5.3,1294.8,20,755
5/31/2018,Thursday,1301.8,1307.6,1298.7,1298.7,1.4,1300.1,45,947
5/30/2018,Wednesday,1299.5,1303.4,1295.4,1300.6,2.5,1301.5,906,1859
5/29/2018,Tuesday,1300.1,1306.1,1291.4,1297.9,4.7,1299,7089,3223
5/25/2018,Friday,1303.4,1307.1,1299.4,1301.1,0.7,1303.7,4127,3295
5/24/2018,Thursday,1293.4,1306.5,1292.1,1303.9,14.8,1304.4,5715,3564
5/23/2018,Wednesday,1291.4,1298.2,1287.1,1293.1,2.4,1289.6,6369,3481
5/22/2018,Tuesday,1292.6,1295.8,1287.4,1290.6,1.1,1292,4426,3537
5/21/2018,Monday,1290.7,1292.7,1281.2,1292,0.4,1290.9,4754,3671
5/18/2018,Friday,1289.2,1293.6,1285.2,1292,1.9,1291.3,4045,3693
5/17/2018,Thursday,1290.1,1293.9,1284,1290.1,2.1,1289.4,4062,3707
5/16/2018,Wednesday,1290,1296.2,1285.6,1290.3,1.2,1291.5,5708,4029
5/15/2018,Tuesday,1313.1,1314.7,1288.2,1289.8,27.9,1290.3,7936,3465
5/14/2018,Monday,1318.9,1322.3,1312.7,1313.3,2.5,1318.2,3762,3412
5/11/2018,Friday,1321.6,1326.2,1317.3,1318.4,1.6,1320.7,4561,3538
5/10/2018,Thursday,1314,1323.3,1310.7,1321.7,9.3,1322.3,6574,3751
5/9/2018,Wednesday,1315.4,1317.7,1304.1,1313,0.7,1313,6213,3982
5/8/2018,Tuesday,1315.4,1318.2,1306.2,1314.8,0.4,1313.7,6707,4220
5/7/2018,Monday,1313.6,1319.9,1310.6,1314.5,0.6,1314.1,4483,4122
5/4/2018,Friday,1313.2,1317.5,1308.5,1316,2,1314.7,4929,4193
5/3/2018,Thursday,1305.3,1318.9,1305.2,1312.8,7.1,1312.7,5178,3940
5/2/2018,Wednesday,1304.6,1314.6,1304.4,1305.6,1.2,1305.6,5239,4213
5/1/2018,Tuesday,1315.9,1317.3,1302.4,1304.4,12.4,1306.8,5306,3871
4/30/2018,Monday,1324.1,1325.8,1310.9,1316.1,4.2,1319.2,5724,3614
4/27/2018,Friday,1319,1326.4,1315.8,1324.3,5.5,1323.4,4692,3902
4/26/2018,Thursday,,,,,4.9,1316.3,0,640
4/25/2018,Wednesday,1324.4,1325.9,1324.4,1325.9,10.2,1321.2,4,644
4/24/2018,Tuesday,1333,1333,1333,1333,8.9,1331.4,1,645
4/23/2018,Monday,1327.7,1327.7,1327.7,1327.7,14.2,1322.5,1,646
4/20/2018,Friday,1339.5,1339.5,1339.5,1339.5,10.1,1336.7,1,647
4/19/2018,Thursday,1357.7,1357.8,1357.7,1357.8,4.4,1346.8,3,649
4/18/2018,Wednesday,1348,1350,1348,1350,4,1351.2,3,651
4/17/2018,Tuesday,,,,,0.3,1347.2,0,701
4/16/2018,Monday,,,,,2.7,1347.5,0,701
4/13/2018,Friday,1347,1347,1347,1347,6.4,1344.8,2,711
4/12/2018,Thursday,1347,1347,1347,1347,18.1,1338.4,2,712
4/11/2018,Wednesday,1352,1364.1,1350,1358,14.5,1356.5,5,714
4/10/2018,Tuesday,,,,,5.7,1342,0,714
4/9/2018,Monday,,,,,4.4,1336.3,0,724
4/6/2018,Friday,1324.5,1330.1,1324.5,1330.1,7.6,1331.9,2,724
4/5/2018,Thursday,,,,,11.5,1324.3,0,724
4/4/2018,Wednesday,,,,,3,1335.8,0,724
4/3/2018,Tuesday,1334,1334,1328.3,1328.3,9.3,1332.8,3,726
4/2/2018,Monday,1339.2,1339.2,1336.7,1338.9,19.3,1342.1,2,727
3/29/2018,Thursday,1324.4,1328,1321.4,1326.7,1.4,1322.8,35,732
3/28/2018,Wednesday,1345.1,1346.2,1322.3,1323.7,17.8,1324.2,661,927
3/27/2018,Tuesday,1353.3,1356.7,1339.5,1344.4,13,1342,3129,1665
3/26/2018,Monday,1346.4,1356,1343.4,1353.5,5.1,1355,4201,2119
3/23/2018,Friday,1329.6,1350.3,1329,1347.2,22.5,1349.9,6255,2110
3/22/2018,Thursday,1331.1,1335.1,1324.6,1328.8,5.9,1327.4,4777,1981
3/21/2018,Wednesday,1310.4,1336.8,1309.7,1332.4,9.6,1321.5,6657,2445
3/20/2018,Tuesday,1317,1318,1306.7,1310.8,5.9,1311.9,3753,2273
3/19/2018,Monday,1313.5,1319.6,1307.5,1316.7,5.5,1317.8,4080,2297
3/16/2018,Friday,1317.6,1321.6,1309.5,1314.1,5.5,1312.3,4104,2453
3/15/2018,Thursday,1324.8,1328.1,1315.1,1316.1,7.8,1317.8,3644,2306
3/14/2018,Wednesday,1326.9,1330.6,1321.7,1324.9,1.5,1325.6,3581,2257
3/13/2018,Tuesday,1323.4,1328.7,1314,1326.9,6.3,1327.1,4490,2316
3/12/2018,Monday,1322.7,1324.8,1315.5,1323.4,3.2,1320.8,2931,2343
3/9/2018,Friday,1322.8,1325.8,1313.3,1323.9,2.3,1324,4406,2504
3/8/2018,Thursday,1326.4,1329.7,1319.7,1322.5,5.9,1321.7,3093,2557
3/7/2018,Wednesday,1339,1342.1,1323.2,1326.4,7.6,1327.6,5307,2309
3/6/2018,Tuesday,1321.2,1339.8,1321,1335.9,15.3,1335.2,4566,2749
3/5/2018,Monday,1326,1328.7,1318.3,1321,3.5,1319.9,3405,2635
3/2/2018,Friday,1318.5,1326.6,1316.3,1323.6,18.2,1323.4,4134,2613
3/1/2018,Thursday,1319.5,1322.3,1303.6,1318.2,12.7,1305.2,5923,2346
2/28/2018,Wednesday,1318.8,1323.7,1316.5,1319.2,0.7,1317.9,3232,2466
2/27/2018,Tuesday,1334.8,1338.2,1314.4,1319.2,14.2,1318.6,4874,2282
2/26/2018,Monday,,,,,2.5,1330.7,0,260
2/23/2018,Friday,1336.3,1336.3,1334.2,1334.2,2.4,1328.2,4,264
2/22/2018,Thursday,,,,,0.6,1330.6,0,264
2/21/2018,Wednesday,1333.4,1334.1,1333.4,1334.1,1.2,1330,2,266
2/20/2018,Tuesday,,,,,24.4,1328.8,0,266
2/16/2018,Friday,,,,,1.1,1353.2,0,266
2/15/2018,Thursday,1353.5,1353.5,1353.5,1353.5,3.4,1352.1,1,267
2/14/2018,Wednesday,,,,,27.4,1355.5,0,267
2/13/2018,Tuesday,,,,,3.9,1328.1,0,267
2/12/2018,Monday,1320,1320,1320,1320,11.1,1324.2,1,268
2/9/2018,Friday,1326.1,1326.1,1317.8,1317.8,3.8,1313.1,3,270
2/8/2018,Thursday,1315.3,1315.3,1310.7,1310.7,5.3,1316.9,5,274
2/7/2018,Wednesday,1332.8,1332.9,1318.9,1318.9,14.5,1311.6,10,279
2/6/2018,Tuesday,1333.8,1333.8,1333.8,1333.8,6.9,1326.1,1,280
2/5/2018,Monday,,,,,0.7,1333,0,280
2/2/2018,Friday,1353.8,1353.8,1338,1338,10.6,1333.7,7,280
2/1/2018,Thursday,1341.9,1353.2,1341.9,1353.2,5.3,1344.3,21,300
1/31/2018,Wednesday,1335.6,1349,1335.2,1348.7,3.6,1339,20,301
1/30/2018,Tuesday,1338.8,1347.6,1332.9,1336.5,4.9,1335.4,760,2078
1/29/2018,Monday,1349,1351.3,1336.2,1338.8,11.8,1340.3,3169,2527
1/26/2018,Friday,1347.5,1356.1,1343.8,1348.4,10.8,1352.1,4805,2672
1/25/2018,Thursday,1358.1,1365.4,1341.3,1347,6.6,1362.9,7863,3144
1/24/2018,Wednesday,1341.3,1361.5,1339,1357.9,19.6,1356.3,5118,3082
1/23/2018,Tuesday,1332.9,1341.4,1330.8,1341,4.8,1336.7,4067,3212
1/22/2018,Monday,1333,1336,1328.1,1333.6,1.2,1331.9,3279,3279
1/19/2018,Friday,1327.3,1338,1326.4,1331.7,5.9,1333.1,4178,3254
1/18/2018,Thursday,1327.5,1333.2,1324.3,1327.1,12,1327.2,4171,3142
1/17/2018,Wednesday,1339.1,1344.3,1326.5,1327.3,2.1,1339.2,7140,3187
1/16/2018,Tuesday,1337.5,1345,1332.2,1338.7,2.2,1337.1,8786,3301
1/12/2018,Friday,1323.2,1339.9,1320.8,1338.2,12.4,1334.9,7248,3204
1/11/2018,Thursday,1317.7,1324.6,1316,1323,3.2,1322.5,4089,3159
1/10/2018,Wednesday,1313.1,1328.4,1309,1317.6,5.6,1319.3,5689,3022
1/9/2018,Tuesday,1321.2,1321.3,1309.6,1313.7,6.7,1313.7,4463,3074
1/8/2018,Monday,1322.6,1323.1,1315.7,1321.2,1.9,1320.4,3447,2994
1/5/2018,Friday,1324.2,1324.6,1314.6,1320.3,0.7,1322.3,5213,3134
1/4/2018,Thursday,1314.6,1327.3,1307.1,1323.9,3.1,1321.6,6348,3105
1/3/2018,Wednesday,1318.9,1323,1309,1314.7,2.4,1318.5,5504,3166
1/2/2018,Tuesday,1305.2,1320.4,1304.7,1319,6.8,1316.1,3562,3039
12/29/2017,Friday,1297.1,1309.8,1296.1,1305,12.1,1309.3,3301,2819
12/28/2017,Thursday,1291.6,1297.4,1290.6,1297.1,5.8,1297.2,3518,3535
12/27/2017,Wednesday,,,,,2.9,1287,0,215
12/26/2017,Tuesday,1289,1289,1289,1289,8.7,1284.1,7,222
12/22/2017,Friday,1278.4,1278.4,1278.4,1278.4,8.1,1275.4,1,222
12/21/2017,Thursday,,,,,1.2,1267.3,0,222
12/20/2017,Wednesday,,,,,5.4,1266.1,0,222
12/19/2017,Tuesday,,,,,1.5,1260.7,0,222
12/18/2017,Monday,,,,,7.9,1262.2,0,222
12/15/2017,Friday,,,,,0.5,1254.3,0,222
12/14/2017,Thursday,,,,,8.4,1253.8,0,222
12/13/2017,Wednesday,,,,,6.9,1245.4,0,222
12/12/2017,Tuesday,,,,,5.2,1238.5,0,222
12/11/2017,Monday,,,,,1.5,1243.7,0,222
12/8/2017,Friday,1252.3,1252.5,1251.2,1251.2,4.6,1245.2,8,225
12/7/2017,Thursday,,,,,13,1249.8,0,225
12/6/2017,Wednesday,1261.7,1265.7,1261.7,1261.7,1.2,1262.8,7,225
12/5/2017,Tuesday,1267.5,1267.5,1260.3,1260.3,12.7,1261.6,28,238
12/4/2017,Monday,1276.5,1276.5,1270.7,1273.5,4.5,1274.3,9,241
12/1/2017,Friday,1275,1282.6,1275,1282.6,5.6,1278.8,5,243
11/30/2017,Thursday,1280.5,1286.8,1267.8,1270,8.9,1273.2,23,246
11/29/2017,Wednesday,1293.5,1295.8,1276.5,1280.2,12.8,1282.1,846,1690
11/28/2017,Tuesday,1294.2,1297,1289.8,1293.2,0.5,1294.9,2853,2487
11/27/2017,Monday,1287.7,1298.9,1286.3,1294,7.1,1294.4,3598,3037
11/24/2017,Friday,1291.8,1293.1,1285.4,1288,4.9,1287.3,5041,3538
11/22/2017,Wednesday,1279.9,1294.5,1278.6,1292,10.5,1292.2,3547,4158
11/21/2017,Tuesday,1276.5,1284.5,1275.8,1279.9,6.4,1281.7,3425,4266
11/20/2017,Monday,1294.7,1295.1,1273.9,1276.4,21.2,1275.3,4185,3867
11/17/2017,Friday,1279.4,1297.4,1278.1,1294.5,18.3,1296.5,4069,4319
11/16/2017,Thursday,1277.3,1281.6,1275,1278.3,0.5,1278.2,2986,4308
11/15/2017,Wednesday,1280.7,1289.9,1276.5,1277.8,5.2,1277.7,4427,4231
11/14/2017,Tuesday,1278.5,1283.7,1269.9,1280.7,4,1282.9,4518,4424
11/13/2017,Monday,1275.1,1280.2,1274.4,1278.4,4.7,1278.9,2044,4438
11/10/2017,Friday,1285.7,1287.5,1273.6,1275.6,13.3,1274.2,3965,4135
11/9/2017,Thursday,1282.3,1289.3,1280.6,1285.8,3.8,1287.5,4174,4088
11/8/2017,Wednesday,1275.5,1288,1275.5,1282.1,7.9,1283.7,3988,4303
11/7/2017,Tuesday,1282.8,1282.9,1272.3,1275.8,5.8,1275.8,3939,4081
11/6/2017,Monday,1270.1,1283.9,1266.5,1282.7,12.4,1281.6,3713,4326
11/3/2017,Friday,1277.2,1281,1266,1270.2,8.9,1269.2,4770,4820
11/2/2017,Thursday,1275.5,1285,1274,1276.8,0.8,1278.1,5126,4913
11/1/2017,Wednesday,1272,1281.9,1268.7,1275.5,6.8,1277.3,5359,5103
10/31/2017,Tuesday,1277.7,1279,1268.3,1271.8,7.2,1270.5,2990,5003
10/30/2017,Monday,1273.6,1279.9,1266.2,1277.2,5.9,1277.7,3415,4982
10/27/2017,Friday,,,,,2.2,1268.5,0,100
10/26/2017,Thursday,,,,,9.1,1266.3,3,103
10/25/2017,Wednesday,,,,,0.4,1275.4,0,103
10/24/2017,Tuesday,,,,,2.7,1275,0,103
10/23/2017,Monday,,,,,0.3,1277.7,0,103
10/20/2017,Friday,,,,,9.5,1277.4,0,103
10/19/2017,Thursday,,,,,7,1286.9,0,103
10/18/2017,Wednesday,,,,,3.1,1279.9,0,103
10/17/2017,Tuesday,,,,,16.9,1283,0,103
10/16/2017,Monday,,,,,1.6,1299.9,0,113
10/13/2017,Friday,,,,,8.2,1301.5,0,113
10/12/2017,Thursday,,,,,7.5,1293.3,0,113
10/11/2017,Wednesday,1283,1289.9,1283,1289.9,4.8,1285.8,4,113
10/10/2017,Tuesday,1283.4,1283.4,1283.4,1283.4,8.8,1290.6,1,112
10/9/2017,Monday,1285.8,1285.9,1282.7,1282.7,10.2,1281.8,6,118
10/6/2017,Friday,1270.3,1270.5,1270.3,1270.5,1.7,1271.6,3,121
10/5/2017,Thursday,,,,,3.8,1269.9,0,121
10/4/2017,Wednesday,,,,,2.2,1273.7,0,121
10/3/2017,Tuesday,1272,1272.1,1272,1272.1,1.2,1271.5,4,124
10/2/2017,Monday,1277.9,1278,1277.9,1278,8.8,1272.7,3,126
9/29/2017,Friday,1285.1,1292,1278.2,1278.2,4,1281.5,11,131
9/28/2017,Thursday,1282.9,1288.4,1277.1,1285.8,1.4,1285.5,93,238
9/27/2017,Wednesday,1292.9,1295.1,1280.6,1281.9,13.6,1284.1,359,497
9/26/2017,Tuesday,1307.6,1312.6,1291.2,1293.2,9.4,1297.7,396,610
9/25/2017,Monday,1292.4,1311,1287.8,1309.5,13.8,1307.1,341,628
9/22/2017,Friday,1290.5,1297.5,1290.4,1295.9,2.7,1293.3,255,659
9/21/2017,Thursday,1300.9,1300.9,1287.1,1290.4,21.9,1290.6,590,633
9/20/2017,Wednesday,1310.3,1315.8,1295.8,1300.6,5.8,1312.5,514,712
9/19/2017,Tuesday,1307.2,1311.2,1304.8,1310.7,0.2,1306.7,244,700
9/18/2017,Monday,1319.2,1319.7,1304.3,1306.9,14.4,1306.9,351,672
9/15/2017,Friday,1330.2,1334.2,1319.8,1320,4.1,1321.3,369,710
9/14/2017,Thursday,1323.4,1331,1315.9,1330.3,1.2,1325.4,406,697
9/13/2017,Wednesday,1333.9,1335,1321,1323.3,4.6,1324.2,354,758
9/12/2017,Tuesday,1328.6,1332.2,1322.8,1332.1,3,1328.8,249,792
9/11/2017,Monday,1340.2,1340.5,1326.9,1327.8,15.5,1331.8,504,874
9/8/2017,Friday,1352,1358.4,1343.6,1346.1,0.8,1347.3,545,924
9/7/2017,Thursday,1335.3,1351.2,1333.6,1350.5,11.3,1346.5,585,945
9/6/2017,Wednesday,1342.8,1343.4,1333,1335.1,5.4,1335.2,457,874
9/5/2017,Tuesday,1330,1345.7,1327.4,1340.8,14,1340.6,1154,757
9/1/2017,Friday,1323.3,1330.9,1317.8,1325.3,8.1,1326.6,558,770
8/31/2017,Thursday,1310.5,1325.1,1298.2,1323.2,8.1,1318.5,591,841
8/30/2017,Wednesday,1312,1315.4,1306.7,1309.7,4.9,1310.4,364,855
8/29/2017,Tuesday,,,,,3.4,1313.1,0,140
8/28/2017,Monday,1312.7,1315.6,1312.7,1315.4,17.2,1309.7,7,147
8/25/2017,Friday,1296.9,1296.9,1296.9,1296.9,6,1292.5,1,148
8/24/2017,Thursday,1292.5,1292.5,1292.5,1292.5,2.4,1286.5,1,149
8/23/2017,Wednesday,1291.6,1292.6,1291.6,1292.6,3.8,1288.9,2,150
8/22/2017,Tuesday,,,,,5.7,1285.1,0,150
8/21/2017,Monday,,,,,5.1,1290.8,0,150
8/18/2017,Friday,,,,,0.7,1285.7,0,150
8/17/2017,Thursday,,,,,9.5,1286.4,0,150
8/16/2017,Wednesday,,,,,3.2,1276.9,0,150
8/15/2017,Tuesday,,,,,10.5,1273.7,0,150
8/14/2017,Monday,,,,,3.5,1284.2,0,150
8/11/2017,Friday,1295.8,1295.8,1295.4,1295.4,4,1287.7,2,150
8/10/2017,Thursday,,,,,10.7,1283.7,0,150
8/9/2017,Wednesday,1280.2,1280.2,1280.2,1280.2,16.6,1273,1,150
8/8/2017,Tuesday,,,,,1.8,1256.4,0,150
8/7/2017,Monday,,,,,0.1,1258.2,0,150
8/4/2017,Friday,1274.1,1274.2,1271,1271,9.5,1258.3,3,152
8/3/2017,Thursday,1267.3,1272,1267.3,1272,4,1267.8,1,153
8/2/2017,Wednesday,1273,1274,1273,1274,0.8,1271.8,3,155
8/1/2017,Tuesday,1274.9,1274.9,1270.5,1273.5,6,1272.6,5,156
7/31/2017,Monday,1270,1275.8,1266,1275.8,1.8,1266.6,90,266
7/28/2017,Friday,1258.9,1279.2,1256.9,1268.3,8.4,1268.4,603,611
7/27/2017,Thursday,1260.3,1264.9,1253.9,1258.6,10.6,1260,2207,926
7/26/2017,Wednesday,1249.6,1263.3,1243.1,1260.4,2.7,1249.4,2994,1355
7/25/2017,Tuesday,1255.1,1257.8,1248.8,1249.7,2.2,1252.1,2474,1477
7/24/2017,Monday,1254.8,1258.8,1252,1255.4,0.6,1254.3,2164,1761
7/21/2017,Friday,1244.5,1255.9,1243,1254.7,9.4,1254.9,2197,1901
7/20/2017,Thursday,1240.7,1247.3,1234.5,1244,3.5,1245.5,2750,1934
7/19/2017,Wednesday,1242.3,1243.5,1235.2,1240.8,0.1,1242,2062,1922
7/18/2017,Tuesday,1232.8,1244.1,1232.1,1241.9,8.2,1241.9,2749,2088
7/17/2017,Monday,1228.2,1235.5,1227.9,1233.3,6.2,1233.7,2186,2013
7/14/2017,Friday,1216.6,1232.6,1212.7,1228,10.2,1227.5,3311,2395
7/13/2017,Thursday,1219,1223.6,1215.9,1216.8,1.8,1217.3,2511,2192
7/12/2017,Wednesday,1217.4,1225.2,1212.7,1219.7,4.4,1219.1,3697,2219
7/11/2017,Tuesday,1213.9,1217.5,1207.5,1217,1.5,1214.7,3350,2275
7/10/2017,Monday,1212.7,1214.8,1204.2,1213.7,3.5,1213.2,3424,2476
7/7/2017,Friday,1224.4,1228,1206.6,1212.2,13.6,1209.7,4799,2236
7/6/2017,Thursday,1226.6,1229,1222,1224.6,1.6,1223.3,2508,2249
7/5/2017,Wednesday,1220.2,1228.4,1216.5,1226.3,2.5,1221.7,5819,2258
7/3/2017,Monday,1241.6,1242.7,1218.2,1219.8,23.1,1219.2,4004,1893
6/30/2017,Friday,1245.3,1248.4,1239.1,1241.2,3.5,1242.3,2337,2008
6/29/2017,Thursday,1249.6,1253.1,1239.4,1245.5,3.3,1245.8,3935,1753
6/28/2017,Wednesday,,,,,1.6,1248,0,271
6/27/2017,Tuesday,1254.2,1255.5,1254.2,1255.5,0.1,1246.4,4,275
6/26/2017,Monday,1245,1245,1245,1245,,1246.3,1,276
6/23/2017,Friday,,1255.3,,1255.3,8.6,1256.2,10,286
6/22/2017,Thursday,1252.3,1252.3,1250,1250,4.2,1247.6,3,287
6/21/2017,Wednesday,1243,1243,1243,1243,2.4,1243.4,3,287
6/20/2017,Tuesday,,,,,3.2,1241,0,287
6/19/2017,Monday,1246.5,1247,1246.5,1247,9.8,1244.2,15,288
6/16/2017,Friday,,,,,1.8,1254,0,288
6/15/2017,Thursday,1260,1260,1255,1255,20.6,1252.2,4,290
6/14/2017,Wednesday,1266,1266,1266,1266,7,1272.8,1,291
6/13/2017,Tuesday,,,,,0.3,1265.8,0,291
6/12/2017,Monday,1265,1269.6,1264.6,1269.3,2.4,1266.1,19,294
6/9/2017,Friday,1281,1281,1276.6,1276.6,7.8,1268.5,2,294
6/8/2017,Thursday,1275,1275,1275,1275,13.8,1276.3,1,294
6/7/2017,Wednesday,1293.4,1293.4,1290,1290,4.3,1290.1,2,294
6/6/2017,Tuesday,1298.4,1298.4,1291.1,1294.9,15.1,1294.4,7,295
6/5/2017,Monday,,,,,2.5,1279.3,0,295
6/2/2017,Friday,1263.7,1281.9,1263.7,1281.9,9.8,1276.8,5,296
6/1/2017,Thursday,1269,1271.1,1262.4,1262.4,5,1267,84,330
5/31/2017,Wednesday,1261.9,1272,1261.9,1269,9.9,1272,19,375
5/30/2017,Tuesday,1267.6,1269.8,1257,1261.4,6,1262.1,1120,1347
5/26/2017,Friday,1254.7,1269.2,1252.7,1267.3,11.7,1268.1,2900,1537
5/25/2017,Thursday,1258.5,1259.6,1253.5,1255.2,3.3,1256.4,2276,1638
5/24/2017,Wednesday,1250.3,1259,1247.7,1258.4,2.4,1253.1,3263,1859
5/23/2017,Tuesday,1260.3,1264,1250.6,1251.1,5.9,1255.5,3130,1742
5/22/2017,Monday,1258,1262.5,1251.5,1260.5,7.8,1261.4,2473,1908
5/19/2017,Friday,1246.4,1256.3,1246.2,1255.7,0.8,1253.6,2872,2064
5/18/2017,Thursday,1261.4,1264.9,1245.7,1246.8,5.9,1252.8,5757,1813
5/17/2017,Wednesday,1236,1261.5,1236,1261.3,22.3,1258.7,4988,2402
5/16/2017,Tuesday,1231.3,1239.2,1230.2,1236.8,6.4,1236.4,2524,2557
5/15/2017,Monday,1228.8,1237.4,1226.9,1230.3,2.3,1230,2847,2471
5/12/2017,Friday,1225,1231.6,1224.4,1227.9,3.5,1227.7,2294,2419
5/11/2017,Thursday,1218.9,1227.8,1217.1,1224.9,5.3,1224.2,2492,2523
5/10/2017,Wednesday,1221.1,1225.7,1217.5,1219,2.8,1218.9,2535,2490
5/9/2017,Tuesday,1226.3,1228.7,1214.1,1221.2,11,1216.1,3600,2293
5/8/2017,Monday,1224.4,1236.9,1220.2,1226.2,0.2,1227.1,3399,2094
5/5/2017,Friday,1228.4,1235.9,1226.4,1228.5,1.7,1226.9,3139,2156
5/4/2017,Thursday,1238.7,1241.6,1225.8,1228.4,19.9,1228.6,4362,1823
5/3/2017,Wednesday,1257.8,1257.8,1236.5,1238.6,8.5,1248.5,3709,1560
5/2/2017,Tuesday,1257.2,1258.7,1252.7,1257.9,1.5,1257,1953,1563
5/1/2017,Monday,1269.6,1272.6,1255,1257.5,12.8,1255.5,3749,1490
4/28/2017,Friday,1265.3,1269.9,1264.4,1269.3,2.4,1268.3,2409,1446
4/27/2017,Thursday,1270.4,1270.9,1262.2,1265.4,1.7,1265.9,2920,1394
4/26/2017,Wednesday,,,,,3.5,1262.1,0,220
4/25/2017,Tuesday,1269.4,1271.2,1268.6,1268.6,10.2,1265.6,6,226
4/24/2017,Monday,1278.7,1278.7,1278.7,1278.7,11.6,1275.8,1,227
4/21/2017,Friday,,,,,5.5,1287.4,0,227
4/20/2017,Thursday,1282.3,1282.3,1282.3,1282.3,0.5,1281.9,1,228
4/19/2017,Wednesday,,,,,10.3,1281.4,0,228
4/18/2017,Tuesday,,,,,2.3,1291.7,0,228
4/17/2017,Monday,1291.5,1291.5,1288.3,1288.3,3.5,1289.4,3,230
4/13/2017,Thursday,1284.8,1289.3,1284.8,1289.3,10.6,1285.9,3,231
4/12/2017,Wednesday,1276.5,1287.4,1276.5,1286.5,4.1,1275.3,3,233
4/11/2017,Tuesday,1276.5,1276.8,1276.5,1276.8,20.1,1271.2,3,234
4/10/2017,Monday,1251.7,1256.4,1251.7,1256.4,3.2,1251.1,2,235
4/7/2017,Friday,1263,1269,1256,1256,4,1254.3,7,235
4/6/2017,Thursday,1255,1255,1255,1255,4.9,1250.3,1,236
4/5/2017,Wednesday,1255.6,1255.6,1248.9,1248.9,9.6,1245.4,4,239
4/4/2017,Tuesday,1256.7,1260,1253.4,1258,4.2,1255,7,243
4/3/2017,Monday,1250.5,1254.1,1247.5,1252.8,3.5,1250.8,18,256
3/31/2017,Friday,1244.8,1248.5,1240.1,1248.5,2.3,1247.3,67,307
3/30/2017,Thursday,1252.6,1253.2,1240.6,1241.4,8.7,1245,493,1708
3/29/2017,Wednesday,1251.3,1254.2,1247.1,1253,1.9,1253.7,1582,1501
3/28/2017,Tuesday,1253.8,1258.4,1247.5,1251.5,0.1,1255.6,2661,1793
3/27/2017,Monday,1245,1260.9,1244.3,1254.3,7.2,1255.7,3255,1705
3/24/2017,Friday,1245.2,1251.7,1240.6,1243.2,1.3,1248.5,2836,1674
3/23/2017,Thursday,1248.6,1253.2,1242.8,1245.1,2.5,1247.2,2964,1768
3/22/2017,Wednesday,1244.7,1251.3,1243.9,1248.8,3.2,1249.7,2372,1721
3/21/2017,Tuesday,1233.5,1247.7,1226.7,1244.8,12.5,1246.5,3544,1523
3/20/2017,Monday,1228.7,1235.4,1226.5,1234.1,3.8,1234,1660,1489
3/17/2017,Friday,1226.1,1231.5,1224.2,1229.1,3.1,1230.2,2122,1452
3/16/2017,Thursday,1218.1,1233.8,1218,1226.2,26.4,1227.1,3719,1754
3/15/2017,Wednesday,1198.4,1221.8,1197.1,1219.2,1.9,1200.7,4181,1851
3/14/2017,Tuesday,1203.9,1207.3,1196.9,1198.4,0.5,1202.6,2652,1862
3/13/2017,Monday,1204.6,1210.8,1202.2,1203.8,1.7,1203.1,2338,1738
3/10/2017,Friday,1200.7,1206.1,1194.5,1204.5,1.8,1201.4,3777,1739
3/9/2017,Thursday,1207.9,1208.9,1199,1201.1,6.2,1203.2,2932,1746
3/8/2017,Wednesday,1215.6,1218.4,1206.5,1208,6.7,1209.4,2920,1684
3/7/2017,Tuesday,1225.4,1227.3,1214.2,1215.7,9.4,1216.1,2725,1606
3/6/2017,Monday,1234.5,1237.1,1225,1225.4,1,1225.5,2463,1618
3/3/2017,Friday,1234.7,1236.6,1223.1,1235,6.4,1226.5,4305,1770
3/2/2017,Thursday,1250.4,1250.4,1231.3,1234.3,17.1,1232.9,4034,2083
3/1/2017,Wednesday,1248.5,1251.3,1237.3,1250.1,3.9,1250,4993,2168
2/28/2017,Tuesday,1253.9,1259.1,1248.2,1248.9,4.9,1253.9,3190,2285
2/27/2017,Monday,1257.4,1264.8,1251.7,1253.4,0.5,1258.8,3171,2451
2/24/2017,Friday,1256.9,1253,1256.9,1253,6.7,1256.9,0,203
2/23/2017,Thursday,1251.7,1254.7,1251.7,1254.7,18.2,1250.2,6,206
2/22/2017,Wednesday,1241.4,1241.4,1241.4,1241.4,5.5,1232,1,207
2/21/2017,Tuesday,1237.5,1237.5,1237.5,1237.5,0.1,1237.5,0,207
2/17/2017,Friday,1237.6,1237.6,1237.6,1237.6,2.4,1237.6,0,207
2/16/2017,Thursday,1234.5,1234.5,1234.5,1234.5,8.3,1240,1,207
2/15/2017,Wednesday,1227.6,1229,1227.2,1229,7.8,1231.7,96,270
2/14/2017,Tuesday,1223.9,1223.9,1223.9,1223.9,0.5,1223.9,0,270
2/13/2017,Monday,1225.1,1225.7,1224.8,1224.8,10,1224.4,4,272
2/10/2017,Friday,1233.3,1237.3,1233.2,1236.5,0.7,1234.4,13,275
2/9/2017,Thursday,1235.4,1237.8,1234.8,1237.8,2.5,1235.1,17,285
2/8/2017,Wednesday,1228.5,1243.6,1228.4,1235.8,3.4,1237.6,8,286
2/7/2017,Tuesday,1233.2,1236.2,1229.9,1236.1,4.2,1234.2,14,318
2/6/2017,Monday,1228.4,1235.6,1227.7,1235.5,11.5,1230,11,321
2/3/2017,Friday,1215.1,1220.9,1215.1,1217,1.8,1218.5,7,326
2/2/2017,Thursday,1211.8,1226.7,1210.4,1214.2,11.1,1216.7,17,334
2/1/2017,Wednesday,1212.4,1212.4,1199.4,1209,3,1205.6,97,424
1/31/2017,Tuesday,1191.9,1215.3,1191.9,1215.1,15.4,1208.6,138,452
1/30/2017,Monday,1190,1198.5,1186,1193.2,4.8,1193.2,640,1129
1/27/2017,Friday,1187.2,1190.9,1179.9,1190.4,1.4,1188.4,1926,1762
1/26/2017,Thursday,1199.7,1202.3,1184,1188.1,8,1189.8,3247,2163
1/25/2017,Wednesday,1210.1,1210.1,1192.6,1200.1,13,1197.8,3479,2225
1/24/2017,Tuesday,1218,1220.1,1206.2,1208.1,4.8,1210.8,2071,2280
1/23/2017,Monday,1208.9,1219.3,1208.9,1217.9,10.7,1215.6,2709,2145
1/20/2017,Friday,1204.4,1214.6,1198.3,1209.5,3.4,1204.9,3080,2159
1/19/2017,Thursday,1203.5,1206.5,1195.5,1204.4,10.6,1201.5,4006,2187
1/18/2017,Wednesday,1216.9,1217.2,1201.7,1203.6,0.8,1212.1,2791,2325
1/17/2017,Tuesday,1199.9,1218.7,1198.1,1216.6,16.7,1212.9,5108,2191
1/13/2017,Friday,1196.2,1201.5,1187.7,1197.2,3.6,1196.2,3772,2189
1/12/2017,Thursday,1192.2,1207.1,1190.5,1195.2,3.2,1199.8,3435,2028
1/11/2017,Wednesday,1188.2,1198.5,1177.1,1191.6,11.1,1196.6,4711,2125
1/10/2017,Tuesday,1183.1,1190.6,1180.4,1187.6,0.6,1185.5,2869,2087
1/9/2017,Monday,1173.7,1186.3,1172.3,1181,11.5,1184.9,2098,2067
1/6/2017,Friday,1181.3,1183.4,1171.4,1172.8,7.9,1173.4,3385,2088
1/5/2017,Thursday,1164.4,1185.7,1163.6,1180.8,16,1181.3,3567,2060
1/4/2017,Wednesday,1159.5,1168.6,1156.9,1163.9,3.3,1165.3,2143,2102
1/3/2017,Tuesday,1151.7,1166,1146.7,1159.3,10.3,1162,4025,2287
12/30/2016,Friday,1159.1,1164.4,1150.5,1152.2,6.4,1151.7,2654,2229
12/29/2016,Thursday,1142.9,1160.5,1142.6,1159.1,17.2,1158.1,2777,2470
12/28/2016,Wednesday,1142,1142,1133.3,1133.3,2.1,1139.4,2,410
12/27/2016,Tuesday,1136.5,1144.9,1136.5,1143.3,5.4,1137.3,17,425
12/23/2016,Friday,1133.4,1133.4,1133.4,1133.4,3.1,1131.9,5,425
12/22/2016,Thursday,1128.8,1128.8,1128.8,1128.8,2.3,1128.8,0,425
12/21/2016,Wednesday,1131.1,1131.1,1131.1,1131.1,0.4,1131.1,0,425
12/20/2016,Tuesday,1131.5,1131.5,1133.3,1133.3,9,1131.5,0,425
12/19/2016,Monday,1140.8,1140.8,1140.8,1140.8,5.2,1140.5,1,426
12/16/2016,Friday,1129.7,1137.7,1129.7,1137.7,7.5,1135.3,2,427
12/15/2016,Thursday,1130,1131.5,1126.5,1130.6,33.5,1127.8,15,428
12/14/2016,Wednesday,1165.2,1165.2,1145,1145,4.6,1161.3,4,429
12/13/2016,Tuesday,1164.8,1164.8,1160.3,1160.8,6.8,1156.7,4,431
12/12/2016,Monday,1163.3,1165.3,1161.1,1161.1,4.1,1163.5,12,438
12/9/2016,Friday,1169.6,1169.6,1158.7,1160.3,10.4,1159.4,15,436
12/8/2016,Thursday,1173.5,1174.4,1172.8,1173.9,5.2,1169.8,11,441
12/7/2016,Wednesday,1170.1,1180.4,1170.1,1177,7.4,1175,6,441
12/6/2016,Tuesday,1176.3,1176.3,1170.1,1172.3,6.4,1167.6,8,445
12/5/2016,Monday,1178.6,1178.6,1162.8,1169.5,1.1,1174,10,475
12/2/2016,Friday,1177.6,1180.5,1175.8,1175.8,8.2,1175.1,17,485
12/1/2016,Thursday,1173.1,1177,1160,1174.2,3.9,1166.9,41,490
11/30/2016,Wednesday,1192.7,1192.8,1170.7,1172.9,17.1,1170.8,96,562
11/29/2016,Tuesday,1193.4,1194.5,1179.5,1187.4,2.9,1187.9,851,1288
11/28/2016,Monday,1182.9,1197,1182.2,1193,12.4,1190.8,2207,2356
11/25/2016,Friday,1186.7,1192.6,1170.5,1183.7,10.9,1178.4,4729,2802
11/23/2016,Wednesday,1214.3,1214.8,1181.2,1187.8,21.9,1189.3,4079,2785
11/22/2016,Tuesday,1213.6,1220.7,1205.5,1212.1,1.4,1211.2,2299,2723
11/21/2016,Monday,1207.7,1217.7,1205.5,1214,1.1,1209.8,2278,2811
11/18/2016,Friday,1215.4,1217.4,1201.6,1207.8,8.2,1208.7,3680,2865
11/17/2016,Thursday,1224.3,1231,1210.4,1215.8,7,1216.9,3782,2809
11/16/2016,Wednesday,1229.7,1233.1,1221,1224.7,0.6,1223.9,2985,2828
11/15/2016,Tuesday,1221.8,1231.3,1218.6,1228.6,2.8,1224.5,3632,2905
11/14/2016,Monday,1226.9,1230.6,1210.8,1221,2.6,1221.7,6846,3046
11/11/2016,Friday,1258.9,1264.8,1219,1227.2,42.1,1224.3,6060,3059
11/10/2016,Thursday,1278,1292.3,1252,1258.6,7.1,1266.4,6795,2845
11/9/2016,Wednesday,1275.9,1338.2,1268.7,1278,1,1273.5,11775,2401
11/8/2016,Tuesday,1281.8,1291.3,1273.3,1276.2,4.9,1274.5,2977,2386
11/7/2016,Monday,1296.4,1296.4,1278.5,1281.9,25.1,1279.4,3475,2246
11/4/2016,Friday,1303.3,1310.6,1295.8,1305.7,1.2,1304.5,2827,2167
11/3/2016,Thursday,1298,1307.9,1286.3,1303.7,4.9,1303.3,3942,2167
11/2/2016,Wednesday,1289.1,1309.3,1288.5,1297.7,20.2,1308.2,3282,2377
11/1/2016,Tuesday,1276.7,1292.9,1276.4,1289.1,14.9,1288,2275,2660
10/31/2016,Monday,1277.5,1280.4,1272,1277.9,3.7,1273.1,1515,2618
10/28/2016,Friday,1269.2,1285.2,1262.2,1276.1,7.3,1276.8,3798,2803
10/27/2016,Thursday,1267.7,1267.7,1267.7,1267.7,3.1,1267.9,3,113
10/26/2016,Wednesday,1264.8,1264.8,1264.8,1264.8,7.1,1264.8,0,113
10/25/2016,Tuesday,1271.9,1271.9,1271.9,1271.9,9.9,1271.9,0,113
10/24/2016,Monday,1262,1262,1262,1262,3.9,1262,0,113
10/21/2016,Friday,1265.9,1265.9,1265.9,1265.9,0.3,1265.9,0,113
10/20/2016,Thursday,,,,,2.3,1265.6,3,110
10/19/2016,Wednesday,1275.8,1276,1275.8,1276,7.1,1267.9,2,120
10/18/2016,Tuesday,,,,,6.4,1260.8,0,120
10/17/2016,Monday,1256.6,1256.6,1256,1256,1.3,1254.4,1,121
10/14/2016,Friday,1256.2,1256.2,1255.8,1255.8,1.9,1253.1,3,121
10/13/2016,Thursday,,,,,3.9,1255,0,131
10/12/2016,Wednesday,1256.1,1256.1,1256.1,1256.1,1.9,1251.1,2,131
10/11/2016,Tuesday,1256.3,1256.3,1256.3,1256.3,4.5,1253,1,132
10/10/2016,Monday,1257.5,1257.5,1257.5,1257.5,8.6,1257.5,0,132
10/7/2016,Friday,,,,,0.9,1248.9,0,132
10/6/2016,Thursday,1253.8,1253.8,1251,1251,15.4,1249.8,1,133
10/5/2016,Wednesday,1270.7,1273.7,1261.8,1261.8,1.1,1265.2,13,138
10/4/2016,Tuesday,1295,1295,1273.8,1274,42.7,1266.3,5,139
10/3/2016,Monday,1313.4,1313.4,1308,1308,4.3,1309,5,135
9/30/2016,Friday,1327.1,1329.6,1313.9,1313.9,8.4,1313.3,72,204
9/29/2016,Thursday,1323.4,1324.2,1315.9,1321.3,2.3,1321.7,132,283
9/28/2016,Wednesday,1326.6,1326.6,1317.5,1320.5,6.6,1319.4,122,528
9/27/2016,Tuesday,1336.7,1338.9,1323.7,1326.8,13.8,1326,150,536
9/26/2016,Monday,1336.1,1341.3,1332.4,1337.3,2.3,1339.8,216,664
9/23/2016,Friday,1336.5,1340,1333.6,1337.7,3.2,1337.5,118,694
9/22/2016,Thursday,1334,1343.3,1331.1,1337,13.5,1340.7,170,719
9/21/2016,Wednesday,1314.2,1335.9,1306,1335.9,13.2,1327.2,322,796
9/20/2016,Tuesday,1313.8,1316.3,1311.9,1314.2,0.2,1314,58,813
9/19/2016,Monday,1310.2,1316.3,1309.8,1312.7,7.6,1313.8,89,780
9/16/2016,Friday,1315.1,1317,1306,1309.6,7.8,1306.2,134,799
9/15/2016,Thursday,1323.1,1328,1308.4,1312.9,8,1314,187,806
9/14/2016,Wednesday,1318,1325.4,1313.1,1322,2.4,1322,200,818
9/13/2016,Tuesday,1328.3,1331.3,1315,1317.7,2,1319.6,204,826
9/12/2016,Monday,1328,1330.2,1319.8,1326.6,9.1,1321.6,186,845
9/9/2016,Friday,1338.8,1339.4,1328,1328,7.1,1330.7,194,840
9/8/2016,Thursday,1345.9,1349.7,1335.6,1337.8,7.5,1337.8,264,852
9/7/2016,Wednesday,1349.4,1353.6,1343.4,1345,5.1,1345.3,263,853
9/6/2016,Tuesday,1325,1352.7,1322.9,1350.9,27.2,1350.4,512,953
9/2/2016,Friday,1314,1331,1304.8,1324,9.6,1323.2,480,988
9/1/2016,Thursday,1309.6,1314.4,1302,1313.7,5.7,1313.6,244,957
8/31/2016,Wednesday,1311.9,1315,1303.7,1308.6,5.1,1307.9,214,953
8/30/2016,Tuesday,1323.7,1325,1308.1,1310.9,10.7,1313,221,897
8/29/2016,Monday,1322.9,1322.9,1322.9,1322.9,1.4,1322.9,0,330
8/26/2016,Friday,1322.4,1332.6,1322.4,1332.6,1.4,1321.5,6,334
8/25/2016,Thursday,1320.1,1320.1,1320.1,1320.1,4.3,1320.1,0,334
8/24/2016,Wednesday,1332,1332,1325.5,1325.5,16.2,1324.4,2,336
8/23/2016,Tuesday,1339.3,1339.3,1339.3,1339.3,2.9,1340.6,1,337
8/22/2016,Monday,1337.7,1337.7,1337.7,1337.7,2.7,1337.7,0,337
8/19/2016,Friday,,,,,10.8,1340.4,1,338
8/18/2016,Thursday,,,,,8.5,1351.2,0,338
8/17/2016,Wednesday,,,,,7.8,1342.7,2,339
8/16/2016,Tuesday,1344.1,1344.1,1340,1340,10.2,1350.5,2,340
8/15/2016,Monday,1338.5,1338.5,1338.5,1338.5,4.5,1340.3,1,341
8/12/2016,Friday,1352,1352,1336,1336,6.7,1335.8,2,343
8/11/2016,Thursday,1345,1345.4,1341.5,1341.5,1.8,1342.5,3,343
8/10/2016,Wednesday,1348.9,1353,1348.9,1350,5.3,1344.3,8,350
8/9/2016,Tuesday,1334.5,1339.7,1327.9,1339.7,5.6,1339,21,348
8/8/2016,Monday,1333.4,1333.4,1333.4,1333.4,3,1333.4,0,348
8/5/2016,Friday,1362.2,1364,1337.2,1337.2,22.4,1336.4,15,355
8/4/2016,Thursday,1350.2,1359,1347.2,1359,2.7,1358.8,3,355
8/3/2016,Wednesday,1363.5,1363.5,1360.2,1360.2,8.3,1356.1,4,358
8/2/2016,Tuesday,1362.8,1367.1,1362.8,1366.4,13,1364.4,5,363
8/1/2016,Monday,1348.8,1353.1,1348.8,1353.1,2.4,1351.4,68,426
7/29/2016,Friday,1335,1356.3,1330,1348.6,16.7,1349,86,464
7/28/2016,Thursday,1339,1344.2,1330.2,1331.3,5.6,1332.3,718,829
7/27/2016,Wednesday,1319.4,1342.3,1315,1339.7,5.9,1326.7,2334,1292
7/26/2016,Tuesday,1315.7,1324.5,1313.8,1320.2,1.3,1320.8,2285,1652
7/25/2016,Monday,1321.7,1323.8,1311,1315.5,3.9,1319.5,2538,1827
7/22/2016,Friday,1331,1333.6,1319.3,1321.9,7.6,1323.4,3250,1818
7/21/2016,Thursday,1315.5,1334,1310.9,1331.4,11.7,1331,4192,1964
7/20/2016,Wednesday,1332.1,1340,1312.7,1315.9,13,1319.3,4592,1953
7/19/2016,Tuesday,1329,1335.3,1326,1332,3,1332.3,2923,1973
7/18/2016,Monday,1334.9,1336,1323.8,1329,1.9,1329.3,4139,2069
7/15/2016,Friday,1336,1339.4,1322.7,1338,4.8,1327.4,4207,2037
7/14/2016,Thursday,1344.8,1347.9,1320.4,1335.4,11.4,1332.2,5563,1887
7/13/2016,Wednesday,1335.3,1346.2,1328.3,1343.2,8.3,1343.6,4290,1913
7/12/2016,Tuesday,1356,1358.7,1330.9,1333.9,21.3,1335.3,5832,1944
7/11/2016,Monday,1368.9,1376.3,1352,1356.3,1.8,1356.6,5227,1841
7/8/2016,Friday,1360.8,1372,1336.3,1367.4,3.7,1358.4,6828,1838
7/7/2016,Thursday,1365.9,1372.6,1352.1,1362.2,5,1362.1,5037,1949
7/6/2016,Wednesday,1359.2,1377.4,1358.5,1365.6,8.4,1367.1,6613,2017
7/5/2016,Tuesday,1344.4,1360,1338.9,1358.3,19.7,1358.7,9045,1845
7/1/2016,Friday,1324,1347,1323.5,1344.4,18.4,1339,5128,1902
6/30/2016,Thursday,1321.7,1326.6,1315.5,1324.4,6.3,1320.6,5103,1849
6/29/2016,Wednesday,1315.5,1330.7,1313.9,1321.8,9,1326.9,4904,1982
6/28/2016,Tuesday,1315.3,1315.3,1315.3,1315.3,7.2,1315.3,0,170
6/27/2016,Monday,1331.9,1335.2,1328.2,1335.2,2.5,1322.5,23,192
6/24/2016,Friday,1314,1314,1314,1314,58.8,1320,6,192
6/23/2016,Thursday,1261.2,1261.2,1261.2,1261.2,6.8,1261.2,0,192
6/22/2016,Wednesday,1272,1272,1272,1272,2.5,1268,1,192
6/21/2016,Tuesday,1270.5,1270.5,1270.5,1270.5,19.5,1270.5,1,203
6/20/2016,Monday,1284.2,1284.2,1284.2,1284.2,2.5,1290,1,203
6/17/2016,Friday,1283.8,1283.8,1283.8,1283.8,3.6,1292.5,1,204
6/16/2016,Thursday,,,,,10.3,1296.1,0,204
6/15/2016,Wednesday,,,,,0.2,1285.8,0,204
6/14/2016,Tuesday,1284.6,1284.6,1284.6,1284.6,1.2,1285.6,1,205
6/13/2016,Monday,1279.9,1286.2,1279.3,1286.2,11,1284.4,55,210
6/10/2016,Friday,1273.9,1273.9,1273.9,1273.9,3.2,1273.4,1,210
6/9/2016,Thursday,,1266.5,,1266.5,10.4,1270.2,0,210
6/8/2016,Wednesday,1255.8,1255.9,1255.8,1255.8,15.4,1259.8,5,212
6/7/2016,Tuesday,1238.7,1248.1,1236.6,1248.1,0.2,1244.4,8,224
6/6/2016,Monday,1246,1248.9,1239.2,1248.9,4.5,1244.6,12,219
6/3/2016,Friday,1231.4,1245.9,1231.4,1245.9,30.3,1240.1,9,229
6/2/2016,Thursday,1217,1217.2,1210,1217.2,2.1,1209.8,9,231
6/1/2016,Wednesday,1221.6,1221.6,1210,1210.4,2.9,1211.9,24,223
5/31/2016,Tuesday,1214.2,1221.8,1200,1217.5,1,1214.8,120,270
5/27/2016,Friday,1219.6,1222.7,1202.5,1210.3,6.6,1213.8,903,1065
5/26/2016,Thursday,1223.4,1234.5,1218.5,1219.6,3.4,1220.4,2537,1599
5/25/2016,Wednesday,1227.7,1230.2,1217.7,1224.4,5.4,1223.8,3300,2150
5/24/2016,Tuesday,1249.2,1252.6,1226.4,1227.3,22.3,1229.2,3759,2054
5/23/2016,Monday,1251.9,1256.7,1243.3,1249.5,1.4,1251.5,2735,2153
5/20/2016,Friday,1255.9,1261.1,1249.7,1252.5,1.9,1252.9,2440,2334
5/19/2016,Thursday,1259.5,1262.5,1244.8,1255.3,19.6,1254.8,5758,2208
5/18/2016,Wednesday,1281,1283.3,1255.4,1259.6,2.5,1274.4,5811,1983
5/17/2016,Tuesday,1274.2,1283.8,1270.4,1280.3,2.7,1276.9,5364,1934
5/16/2016,Monday,1272.9,1290.2,1271.9,1275.3,1.5,1274.2,4342,1928
5/13/2016,Friday,1265.3,1277.6,1263.9,1274.1,1.5,1272.7,4354,1934
5/12/2016,Thursday,1279.3,1282.2,1262.7,1264.6,4.3,1271.2,5007,1870
5/11/2016,Wednesday,1267.3,1280.7,1266.4,1278.9,10.7,1275.5,4451,1911
5/10/2016,Tuesday,1265.5,1271.9,1258.4,1267.4,1.8,1264.8,4430,2050
5/9/2016,Monday,1287.8,1289.5,1262.7,1265.4,27.4,1266.6,5557,2032
5/6/2016,Friday,1279.4,1297.6,1276.4,1289.5,21.7,1294,6229,1845
5/5/2016,Thursday,1280.6,1288.2,1270.7,1279.6,2.1,1272.3,4433,1919
5/4/2016,Wednesday,1286.7,1291.8,1273.7,1281.3,17.4,1274.4,4745,1954
5/3/2016,Tuesday,1293.3,1303.8,1284,1288.1,4,1291.8,6246,2130
5/2/2016,Monday,1293.5,1306,1289.6,1293.4,5.3,1295.8,5402,2036
4/29/2016,Friday,1268.4,1298.8,1267.2,1295.1,24.1,1290.5,7175,1902
4/28/2016,Thursday,1247.2,1271.7,1237,1268.3,16,1266.4,5600,1821
4/27/2016,Wednesday,1249.2,1249.2,1249.2,1249.2,7,1249.2,0,10
4/26/2016,Tuesday,1246.4,1246.4,1243.8,1244.5,3.3,1242.2,12,15
4/25/2016,Monday,1243.7,1243.7,1243.7,1243.7,10.2,1238.9,2,15
4/22/2016,Friday,1247.4,1247.4,1247.4,1247.4,20.3,1228.7,1,95
4/21/2016,Thursday,1264.2,1265,1264.2,1265,4.2,1249,3,97
4/20/2016,Wednesday,1256.8,1256.8,1255.5,1255.5,0.2,1253.2,22,98
4/19/2016,Tuesday,1253,1248.6,1253,1248.6,19.4,1253,0,98
4/18/2016,Monday,1239.1,1239.2,1239.1,1239.2,0.5,1233.6,6,98
4/15/2016,Friday,1233.1,1233.1,1233.1,1233.1,8.1,1233.1,0,98
4/14/2016,Thursday,1237.1,1237.1,1237.1,1237.1,21.8,1225,1,98
4/13/2016,Wednesday,1250,1254.7,1244.9,1249,12.6,1246.8,8,104
4/12/2016,Tuesday,1263.8,1263.8,1256.3,1256.3,2.7,1259.4,3,106
4/11/2016,Monday,1248.5,1260,1248.2,1260,14.2,1256.7,29,124
4/8/2016,Friday,1242.5,1239,1242.5,1239,6.3,1242.5,0,124
4/7/2016,Thursday,1239.9,1246.1,1235.9,1240,13.7,1236.2,18,115
4/6/2016,Wednesday,1233.3,1233.3,1222,1223,5.9,1222.5,11,115
4/5/2016,Tuesday,1223.9,1236.7,1223.9,1232.8,10.4,1228.4,11,121
4/4/2016,Monday,1220,1224,1220,1221.4,4.2,1218,9,125
4/1/2016,Friday,1233,1235,1212.3,1213.9,12,1222.2,46,139
3/31/2016,Thursday,1227.1,1240.2,1226.9,1236,7.3,1234.2,58,215
3/30/2016,Wednesday,1240.6,1243.4,1224,1224.1,8.9,1226.9,347,584
3/29/2016,Tuesday,1220.8,1243.4,1215.6,1242,15.7,1235.8,1635,1331
3/28/2016,Monday,1217.3,1223,1203.1,1221.8,1.5,1220.1,2388,1888
3/24/2016,Thursday,1221.1,1224.1,1208.3,1217,2.4,1221.6,2618,1988
3/23/2016,Wednesday,1248.6,1250,1215.4,1220.1,24.6,1224,5192,1889
3/22/2016,Tuesday,1243.6,1261.3,1242.4,1248.8,4.4,1248.6,3962,2180
3/21/2016,Monday,1254.6,1256.6,1241.1,1243.8,10.1,1244.2,3484,2199
3/18/2016,Friday,1257.2,1267.6,1248.6,1255.5,10.7,1254.3,3574,2077
3/17/2016,Thursday,1260.9,1271.8,1255.1,1258.6,35.2,1265,5605,2131
3/16/2016,Wednesday,1233.2,1264.8,1227.2,1263.2,1.2,1229.8,5447,2099
3/15/2016,Tuesday,1235.9,1238.9,1226.3,1232.6,14.1,1231,3919,2189
3/14/2016,Monday,1250.4,1261.6,1230,1235.9,14.3,1245.1,4833,2088
3/11/2016,Friday,1271.2,1289,1249,1251.3,13.4,1259.4,5979,2309
3/10/2016,Thursday,1253.1,1274.5,1237.6,1273.4,15.4,1272.8,7698,2068
3/9/2016,Wednesday,1261.8,1265.5,1243.7,1254,5.5,1257.4,5565,2152
3/8/2016,Tuesday,1267.1,1278.9,1261,1262.3,1.1,1262.9,4597,2154
3/7/2016,Monday,1260.2,1274,1257.8,1268.2,6.7,1264,3770,2180
3/4/2016,Friday,1264.5,1281.1,1250.8,1260,12.5,1270.7,9301,2027
3/3/2016,Thursday,1241.6,1269.1,1238.3,1265,16.4,1258.2,4961,1764
3/2/2016,Wednesday,1232.3,1244.5,1224,1240.6,11,1241.8,3868,1747
3/1/2016,Tuesday,1238.1,1249.1,1228,1232.6,3.6,1230.8,5100,1616
2/29/2016,Monday,1221,1241.9,1216,1239.3,14,1234.4,4325,1761
2/26/2016,Friday,1233.8,1241.5,1212.1,1223.6,18.4,1220.4,6368,1637
2/25/2016,Thursday,1228.7,1244,1221.5,1234.5,0.3,1238.8,6059,1601
2/24/2016,Wednesday,1236.8,1251,1236.8,1251,16.4,1238.7,70,16
2/23/2016,Tuesday,1222.3,1222.3,1222.3,1222.3,12.8,1222.3,0,36
2/22/2016,Monday,1220,1220,1220,1220,20.9,1209.5,14,50
2/19/2016,Friday,1230.4,1230.4,1230.4,1230.4,4.3,1230.4,0,50
2/18/2016,Thursday,1226.1,1226.1,1226.1,1226.1,15,1226.1,0,50
2/17/2016,Wednesday,1211.1,1211.1,1211.1,1211.1,3.2,1211.1,0,50
2/16/2016,Tuesday,1210,1215.2,1210,1215.2,31.2,1207.9,3,50
2/12/2016,Friday,1240.4,1240.4,1238,1239.5,8.8,1239.1,2,51
2/11/2016,Thursday,1237.9,1247.9,1237.9,1243.9,53.2,1247.9,24,57
2/10/2016,Wednesday,1188,1198.2,1182.5,1197.8,4,1194.7,8,58
2/9/2016,Tuesday,1190,1198.9,1190,1198.9,0.8,1198.7,9,65
2/8/2016,Monday,1168,1201.2,1168,1199.3,40.1,1197.9,40,63
2/5/2016,Friday,1157.3,1173.5,1148.7,1173.4,0.2,1157.8,16,55
2/4/2016,Thursday,1148.6,1158.5,1145.2,1155,16.3,1157.6,70,112
2/3/2016,Wednesday,1130,1142.8,1130,1142.8,14,1141.3,38,138
2/2/2016,Tuesday,1127.6,1131.6,1125,1131.6,0.6,1127.3,14,151
2/1/2016,Monday,1118.8,1128.6,1118.8,1126.5,11.5,1127.9,28,165
1/29/2016,Friday,1114.8,1119.8,1110.5,1119.8,0.8,1116.4,54,186
1/28/2016,Thursday,1125.9,1125.9,1109.9,1114.5,0.2,1115.6,543,600
1/27/2016,Wednesday,1119.9,1127.9,1115,1124.4,4.4,1115.8,1362,1301
1/26/2016,Tuesday,1108.6,1123.8,1107.4,1120.1,14.9,1120.2,2311,1670
1/25/2016,Monday,1098,1109,1094.5,1108,9,1105.3,1945,1700
1/22/2016,Friday,1101.5,1103.4,1094.5,1098,1.9,1096.3,1527,1601
1/21/2016,Thursday,1101.3,1104.7,1092.6,1101.8,8,1098.2,2313,1554
1/20/2016,Wednesday,1087.6,1109.9,1087.6,1101.3,17.1,1106.2,2905,1630
1/19/2016,Tuesday,1088.9,1094.8,1082,1087,1.6,1089.1,2560,1519
1/15/2016,Friday,1078.3,1097.4,1075.8,1088.1,17.1,1090.7,3684,1513
1/14/2016,Thursday,1093.2,1095.8,1071,1078.1,13.5,1073.6,2666,1444
1/13/2016,Wednesday,1086.8,1095.5,1079.4,1093.1,1.9,1087.1,2530,1401
1/12/2016,Tuesday,1094.7,1098.9,1083.3,1086.5,11,1085.2,2141,1414
1/11/2016,Monday,1103.6,1108.1,1093.4,1093.7,1.7,1096.2,2841,1574
1/8/2016,Friday,1109,1113,1091.8,1103.9,9.9,1097.9,3961,1493
1/7/2016,Thursday,1093.3,1109.7,1091.1,1109,15.9,1107.8,4038,1372
1/6/2016,Wednesday,1077,1095.3,1074.7,1093.2,13.5,1091.9,3626,1288
1/5/2016,Tuesday,1072.1,1081.3,1072.1,1077,3.2,1078.4,1950,1166
1/4/2016,Monday,1061.4,1082.9,1061.1,1074,15,1075.2,2842,1323
12/31/2015,Thursday,1061.3,1062.5,1056.6,1060.2,0.4,1060.2,1259,1425
12/30/2015,Wednesday,1068.4,1071.2,1058.4,1060.6,8.2,1059.8,1653,1433
12/29/2015,Tuesday,1068,1074.5,1066.9,1068.3,0.3,1068,1640,1340
12/28/2015,Monday,1080.8,1082.9,1080.8,1082.9,6.7,1070.5,14,34
12/24/2015,Thursday,1077.2,1077.2,1077.2,1077.2,7.8,1077.2,0,34
12/23/2015,Wednesday,1069.4,1069.4,1069.4,1069.4,5.4,1069.4,0,34
12/22/2015,Tuesday,1074.8,1074.8,1074.8,1074.8,7.1,1074.8,0,34
12/21/2015,Monday,1081.9,1081.9,1081.9,1081.9,15.7,1081.9,0,34
12/18/2015,Friday,1066.2,1066.2,1066.2,1066.2,15.4,1066.2,0,54
12/17/2015,Thursday,1069.2,1069.2,1051.5,1055.3,27.2,1050.8,8,62
12/16/2015,Wednesday,1059.9,1065.6,1059.9,1065.6,15.1,1078,3,63
12/15/2015,Tuesday,1066.3,1066.3,1066.3,1066.3,1.8,1062.9,1,64
12/14/2015,Monday,1066.8,1066.8,1064.6,1064.6,12.2,1064.7,2,66
12/11/2015,Friday,1076.9,1076.9,1076.9,1076.9,3.8,1076.9,0,66
12/10/2015,Thursday,1072.5,1072.5,1072.5,1072.5,4.5,1073.1,1,67
12/9/2015,Wednesday,1077.6,1077.6,1077.6,1077.6,1.3,1077.6,0,67
12/8/2015,Tuesday,1075,1077.4,1074,1077.1,0.1,1076.3,13,60
12/7/2015,Monday,1087.1,1087.1,1075.1,1075.1,8.1,1076.4,8,96
12/4/2015,Friday,1066.5,1087.1,1066.5,1078.2,22.8,1084.5,14,98
12/3/2015,Thursday,1047,1058.7,1047,1058.7,7.5,1061.7,12,105
12/2/2015,Wednesday,1063,1066.9,1042.1,1042.1,9.6,1054.2,33,127
12/1/2015,Tuesday,1068.7,1074.8,1065.6,1070.2,2,1063.8,66,142
11/30/2015,Monday,1057.5,1066.9,1054,1066.1,9.6,1065.8,86,235
11/27/2015,Friday,1070.5,1074.1,1052.6,1055.6,13.8,1056.2,774,736
11/25/2015,Wednesday,1074.7,1080.3,1067.3,1070.4,3.8,1070,771,990
11/24/2015,Tuesday,1068.3,1080.6,1068.1,1075,7,1073.8,1460,1155
11/23/2015,Monday,1076.6,1076.6,1065.5,1068.2,9.5,1066.8,1765,1352
11/20/2015,Friday,1082.5,1086.9,1075,1076.6,1.6,1076.3,1731,1361
11/19/2015,Thursday,1069,1086.6,1068.4,1081.2,9.2,1077.9,2521,1563
11/18/2015,Wednesday,1069,1074.4,1062.9,1069.7,0.1,1068.7,1895,1617
11/17/2015,Tuesday,1083.1,1084.4,1064.5,1069.1,15,1068.6,2897,1587
11/16/2015,Monday,1085.7,1097.6,1080.5,1081.8,2.7,1083.6,1878,1559
11/13/2015,Friday,1085.5,1087.8,1079,1082.7,0.1,1080.9,1483,1567
11/12/2015,Thursday,1085.4,1089.1,1073.3,1084.4,3.9,1081,3793,1651
11/11/2015,Wednesday,1086.7,1093.4,1082.6,1085.2,3.6,1084.9,1234,1498
11/10/2015,Tuesday,1091.6,1097.7,1084.3,1088.8,0.4,1088.5,1463,1466
11/9/2015,Monday,1087.3,1094.7,1087.3,1091.6,0.4,1088.1,1308,1581
11/6/2015,Friday,1103.9,1109.5,1084.7,1088.5,16.5,1087.7,2469,1783
11/5/2015,Thursday,1107.1,1110.9,1102.2,1103,2,1104.2,1493,1842
11/4/2015,Wednesday,1118.2,1122.6,1105.5,1107.4,7.9,1106.2,1917,1869
11/3/2015,Tuesday,1133.5,1138.3,1113.9,1117,21.8,1114.1,2170,1893
11/2/2015,Monday,1142,1142.6,1132.4,1133.4,5.5,1135.9,1366,1916
10/30/2015,Friday,1146.9,1149.8,1138.7,1141.6,5.9,1141.4,1373,2026
10/29/2015,Thursday,1156,1162.3,1144,1145.8,28.8,1147.3,2030,1962
10/28/2015,Wednesday,1165.4,1182.9,1152,1155.9,10.3,1176.1,2908,1904
10/27/2015,Tuesday,1181.2,1181.2,1181.2,1181.2,0.2,1166.8,2,2
10/26/2015,Monday,1182,1182,1182,1166.3,3.7,1167,1,3
10/23/2015,Friday,1174.7,1174.7,1174.7,1174.7,3.3,1163.3,1,4
10/22/2015,Thursday,1174,1174,1174,1174,1,1166.6,1,5
10/21/2015,Wednesday,1167.6,1167.6,1167.6,1167.6,10.4,1167.6,0,5
10/20/2015,Tuesday,1178,1178,1178,1178,4.7,1178,0,5
10/19/2015,Monday,1173.3,1173.3,1173.3,1173.3,10.3,1173.3,0,5
10/16/2015,Friday,1183.6,1183.6,1183.6,1183.6,4.3,1183.6,0,5
10/15/2015,Thursday,1187.9,1187.9,1187.9,1187.9,7.8,1187.9,0,5
10/14/2015,Wednesday,1180.1,1180.1,1180.1,1180.1,14.3,1180.1,0,5
10/13/2015,Tuesday,1165.8,1165.8,1165.8,1165.8,0.9,1165.8,0,5
10/12/2015,Monday,1164.9,1164.9,1164.9,1164.9,8.6,1164.9,0,5
10/9/2015,Friday,1156.3,1156.3,1156.3,1156.3,11.6,1156.3,0,5
10/8/2015,Thursday,1143,1143,1143,1143,4.3,1144.7,1,6
10/7/2015,Wednesday,1149,1149,1149,1149,2.2,1149,0,6
10/6/2015,Tuesday,1146.2,1146.2,1146.2,1146.2,8.7,1146.8,1,7
10/5/2015,Monday,1138.1,1138.1,1138.1,1138.1,1,1138.1,0,7
10/2/2015,Friday,1121.1,1146,1112,1146,22.9,1137.1,9,11
10/1/2015,Thursday,1116.1,1116.1,1112.8,1112.8,1.3,1114.2,5,15
9/30/2015,Wednesday,1127.6,1127.7,1112.8,1115.4,11.6,1115.5,74,77
9/29/2015,Tuesday,1133.5,1134,1124.2,1126.6,4.6,1127.1,95,153
9/28/2015,Monday,1145.8,1147.4,1127.8,1131.9,14,1131.7,98,161
9/25/2015,Friday,1149.1,1149.6,1140.7,1145.7,8.1,1145.7,130,165
9/24/2015,Thursday,1131.3,1156.1,1130.2,1153.3,22.2,1153.8,182,260
9/23/2015,Wednesday,1122.8,1133.6,1121.8,1129.6,6.6,1131.6,62,286
9/22/2015,Tuesday,1132.3,1135.9,1121.8,1124.3,8.1,1125,54,296
9/21/2015,Monday,1136.8,1139.3,1129.7,1132.8,5,1133.1,42,300
9/18/2015,Friday,1131.5,1139.4,1127.2,1139.4,21,1138.1,80,341
9/17/2015,Thursday,1118.9,1135.1,1111.3,1130.4,1.9,1117.1,108,376
9/16/2015,Wednesday,1104.7,1123,1103.5,1118.8,16.4,1119,156,384
9/15/2015,Tuesday,1106.4,1107.7,1101.6,1104.2,4.9,1102.6,49,394
9/14/2015,Monday,1105.9,1109.1,1102.4,1107.7,4.2,1107.5,143,400
9/11/2015,Friday,1113,1113,1098.3,1107.3,6,1103.3,83,393
9/10/2015,Thursday,1104.8,1113.2,1103.1,1110.3,7.3,1109.3,62,389
9/9/2015,Wednesday,1120.8,1124,1100.6,1104.9,18.7,1102,196,373
9/8/2015,Tuesday,1117.5,1124.7,1114.9,1120.7,0.2,1120.7,143,374
9/4/2015,Friday,1123.4,1129.5,1115.4,1121,3.1,1120.9,151,397
9/3/2015,Thursday,1132.1,1132.9,1120.8,1124.3,9.1,1124,121,381
9/2/2015,Wednesday,1138.6,1141,1132,1133,6.2,1133.1,65,383
9/1/2015,Tuesday,1135.9,1143.8,1135.5,1139.3,7.3,1139.3,133,422
8/31/2015,Monday,1133,1135,1124.9,1134.4,1.5,1132,81,418
8/28/2015,Friday,1124.8,1139.7,1123,1132.5,11.3,1133.5,270,426
8/27/2015,Thursday,1122,1127.7,1117.3,1124.2,2,1122.2,157,410
8/26/2015,Wednesday,1158.2,1158.2,1133.7,1138.5,13.6,1124.6,7,9
8/25/2015,Tuesday,1153.6,1157,1153.6,1153.6,15.2,1138.2,1,10
8/24/2015,Monday,1163,1163.6,1163,1163,6.2,1153.4,1,10
8/21/2015,Friday,1166,1169.9,1162,1163,6.6,1159.6,7,12
8/20/2015,Thursday,1159,1159,1159,1159,24.9,1153,1,12
8/19/2015,Wednesday,1134.2,1134.2,1132.3,1132.3,11,1128.1,2,14
8/18/2015,Tuesday,1117,1117,1111.8,1111.8,1.5,1117.1,13,24
8/17/2015,Monday,1118.6,1119,1118.6,1119,5.7,1118.6,0,24
8/14/2015,Friday,1112.9,1119,1112.9,1119,2.8,1112.9,0,24
8/13/2015,Thursday,1122.9,1139.6,1116,1130,7.5,1115.7,21,32
8/12/2015,Wednesday,1109,1119,1109,1119,15.6,1123.2,6,38
8/11/2015,Tuesday,1110.4,1124,1104,1108,3.4,1107.6,34,53
8/10/2015,Monday,1102.3,1116,1102.3,1109,10.1,1104.2,10,63
8/7/2015,Friday,1095.4,1107,1095,1096,3.9,1094.1,12,65
8/6/2015,Thursday,1092.1,1100,1092.1,1100,4.5,1090.2,4,69
8/5/2015,Wednesday,1095.7,1098.9,1080.2,1094.6,5,1085.7,20,92
8/4/2015,Tuesday,1087.1,1095.8,1086.1,1094.3,1.3,1090.7,28,114
8/3/2015,Monday,1092.6,1096.2,1087.5,1088,5.5,1089.4,127,227
7/31/2015,Friday,1087.9,1104.6,1080.4,1093.4,6.5,1094.9,120,302
7/30/2015,Thursday,1095.3,1097.2,1081.6,1086.5,4.2,1088.4,717,810
7/29/2015,Wednesday,1094.7,1100.8,1089.4,1095.4,3.6,1092.6,721,897
7/28/2015,Tuesday,1094.3,1098.5,1090.9,1094.8,0.2,1096.2,987,1086
7/27/2015,Monday,1097.4,1104.5,1088.1,1093.8,10.9,1096.4,2094,1325
7/24/2015,Friday,1089.4,1100.8,1072.3,1098.5,8.6,1085.5,2392,1436
7/23/2015,Thursday,1093.4,1104.4,1086,1089.3,2.6,1094.1,1755,1422
7/22/2015,Wednesday,1099,1102.5,1085.8,1092.7,12,1091.5,1555,1475
7/21/2015,Tuesday,1097.4,1108.4,1096,1099.9,3.3,1103.5,1482,1488
7/20/2015,Monday,1128.8,1132,1082.3,1095.3,25.1,1106.8,3165,1682
7/17/2015,Friday,1143.7,1144.1,1129.4,1131.7,12,1131.9,1197,1640
7/16/2015,Thursday,1147.9,1148.6,1140.1,1143.4,3.5,1143.9,824,1685
7/15/2015,Wednesday,1155,1155.9,1142,1148,6.1,1147.4,1361,1628
7/14/2015,Tuesday,1156.9,1158.6,1152,1154.5,1.9,1153.5,795,1618
7/10/2015,Friday,1158.5,1164.5,1156.1,1162.5,1.3,1157.9,715,1551
7/9/2015,Thursday,1158,1167.3,1155.5,1158.3,4.3,1159.2,853,1544
7/8/2015,Wednesday,1153.5,1163.6,1145.9,1157.4,10.9,1163.5,1405,1612
7/7/2015,Tuesday,1169.2,1169.2,1146.6,1154.5,20.6,1152.6,1779,1505
7/6/2015,Monday,1172.1,1174.1,1161.8,1169.7,9.7,1173.2,802,1578
7/2/2015,Thursday,1168,1168.6,1156.1,1165,5.8,1163.5,1337,1463
7/1/2015,Wednesday,1173.3,1174.3,1166.8,1167.7,2.5,1169.3,792,1433
6/30/2015,Tuesday,1179.4,1180.3,1164.1,1171.5,7.2,1171.8,1288,1405
6/29/2015,Monday,1181.3,1187.9,1173.3,1179.2,5.8,1179,1325,1420
6/26/2015,Friday,1172.8,1178,1167.8,1174,1.4,1173.2,942,1316
6/25/2015,Thursday,1183.3,1183.6,1182.2,1182.3,1.1,1171.5,7,10
6/24/2015,Wednesday,1172.6,1172.6,1172.6,1172.6,3.6,1172.6,0,10
6/23/2015,Tuesday,1176.2,1176.2,1176.2,1176.2,7.5,1176.2,0,10
6/22/2015,Monday,1201,1201,1201,1201,17.8,1183.7,1,10
6/19/2015,Friday,1201.5,1201.5,1201.5,1201.5,,1201.5,0,10
6/18/2015,Thursday,1201.5,1184,1201.5,1184,25.1,1201.5,0,10
6/17/2015,Wednesday,1183.5,1183.5,1183.5,1183.5,4.1,1176.4,1,10
6/16/2015,Tuesday,1183,1184.8,1183,1184.8,4.8,1180.5,6,16
6/15/2015,Monday,1175.9,1175.9,1175.5,1175.5,6.5,1185.3,3,13
6/12/2015,Friday,1175,1181.5,1174.8,1176.1,1.1,1178.8,3,14
6/11/2015,Thursday,1179.9,1179.9,1179.9,1179.9,6.2,1179.9,0,14
6/10/2015,Wednesday,1189.7,1194.2,1181.7,1194.2,8.8,1186.1,13,14
6/9/2015,Tuesday,1177.3,1177.3,1177.3,1177.3,4.1,1177.3,0,14
6/8/2015,Monday,1168,1173,1168,1173,5.4,1173.2,2,13
6/5/2015,Friday,1169.2,1177.1,1168,1168,7.1,1167.8,17,16
6/4/2015,Thursday,1185.4,1185.4,1175,1179.3,9.8,1174.9,7,21
6/3/2015,Wednesday,1193.5,1199.8,1181,1184.1,9.4,1184.7,37,39
6/2/2015,Tuesday,1198.6,1198.6,1191.7,1196,5.8,1194.1,11,49
6/1/2015,Monday,1191.8,1207.8,1188.3,1190,1.1,1188.3,32,74
5/29/2015,Friday,1187.3,1193.2,1187.3,1189.2,1.3,1189.4,96,150
5/28/2015,Thursday,1186.7,1191.3,1180,1187.5,2.5,1188.1,347,557
5/27/2015,Wednesday,1187.1,1190.2,1183,1187.5,1.3,1185.6,809,846
5/26/2015,Tuesday,1204.2,1208.4,1185,1186.5,17.1,1186.9,1602,909
5/22/2015,Friday,1205.6,1214.6,1201.1,1205.2,0.1,1204,1045,982
5/21/2015,Thursday,1209.3,1212.4,1201,1205.9,4.6,1204.1,870,947
5/20/2015,Wednesday,1207.9,1213,1203,1209.4,2,1208.7,714,991
5/19/2015,Tuesday,1224.7,1225.2,1205.5,1207.3,20.9,1206.7,1379,917
5/18/2015,Monday,1222.7,1233.2,1221.2,1225.4,2.3,1227.6,855,941
5/15/2015,Friday,1221.5,1225.5,1211,1223.4,0.1,1225.3,1158,947
5/14/2015,Thursday,1215.1,1226.9,1212.2,1221.1,7,1225.2,1408,1025
5/13/2015,Wednesday,1192.9,1218.4,1190.3,1214.8,25.8,1218.2,1873,1208
5/12/2015,Tuesday,1182.5,1196.1,1179.8,1192.2,9.4,1192.4,1078,1252
5/11/2015,Monday,1189,1191.2,1178.2,1183.2,5.9,1183,887,1235
5/8/2015,Friday,1183.1,1193.2,1180.9,1186.8,6.7,1188.9,1152,1254
5/7/2015,Thursday,1190.4,1191.9,1178,1183.6,8.1,1182.2,1016,1153
5/6/2015,Wednesday,1192.6,1196.9,1187.1,1190.9,2.9,1190.3,777,1114
5/5/2015,Tuesday,1188,1199,1185.3,1192.2,6.4,1193.2,827,1144
5/4/2015,Monday,1178.2,1192.2,1175.5,1187.6,12.3,1186.8,1135,1276
5/1/2015,Friday,1184,1184.5,1168.8,1177.6,7.9,1174.5,1262,1218
4/30/2015,Thursday,1205.1,1207.4,1176.1,1183,27.6,1182.4,1869,1069
4/29/2015,Wednesday,1212.8,1213.5,1200.6,1203.6,3.9,1210,994,968
4/28/2015,Tuesday,1201.8,1214.6,1198.9,1211.3,10.7,1213.9,1062,1026
4/27/2015,Monday,1187.4,1199.7,1187.4,1199.7,28.1,1203.3,2,34
4/24/2015,Friday,1175.2,1175.2,1175.2,1175.2,19.2,1175.2,0,34
4/23/2015,Thursday,1194.4,1194.4,1194.4,1194.4,7.5,1194.4,0,34
4/22/2015,Wednesday,1200,1200,1196.5,1196.5,16,1186.9,2,35
4/21/2015,Tuesday,1202.9,1202.9,1202.9,1202.9,9.4,1202.9,0,35
4/20/2015,Monday,1193.5,1193.5,1193.5,1193.5,9.4,1193.5,0,35
4/17/2015,Friday,1202.9,1202.9,1202.9,1202.9,4.9,1202.9,0,35
4/16/2015,Thursday,1198,1198,1198,1198,3.5,1198,0,35
4/15/2015,Wednesday,1193,1193.2,1193,1193.2,8.7,1201.5,3,37
4/14/2015,Tuesday,1196.4,1196.4,1190.7,1190.7,6.5,1192.8,5,42
4/13/2015,Monday,1199.3,1199.3,1199.3,1199.3,5.3,1199.3,0,42
4/10/2015,Friday,1194.5,1197.3,1194.5,1197.3,11,1204.6,2,43
4/9/2015,Thursday,1198.8,1198.8,1195.3,1195.6,9.5,1193.6,3,45
4/8/2015,Wednesday,1210,1210,1210,1210,7.5,1203.1,2,47
4/7/2015,Tuesday,1215.1,1215.1,1209.4,1209.4,8,1210.6,4,48
4/6/2015,Monday,1219.1,1224.3,1219.1,1221.5,17.7,1218.6,11,53
4/2/2015,Thursday,1203.6,1203.6,1203.6,1203.6,7.2,1200.9,2,64
4/1/2015,Wednesday,1185.1,1207.4,1185.1,1207.4,25,1208.1,45,99
3/31/2015,Tuesday,1186.4,1191,1178.3,1181.9,1.7,1183.1,43,122
3/30/2015,Monday,1197.5,1198.1,1181.6,1185.2,15,1184.8,456,346
3/27/2015,Friday,1203.2,1205.9,1192.3,1197.8,5,1199.8,602,717
3/26/2015,Thursday,1194.6,1219.2,1194.1,1204.6,7.8,1204.8,1258,801
3/25/2015,Wednesday,1193.7,1199.2,1186.4,1194.7,5.6,1197,680,907
3/24/2015,Tuesday,1189.9,1194.3,1184.8,1192.9,3.7,1191.4,1064,1253
3/23/2015,Monday,1184.5,1191,1178.9,1188.6,3.1,1187.7,873,1412
3/20/2015,Friday,1170.6,1187.4,1168,1181.8,15.6,1184.6,1306,1529
3/19/2015,Thursday,1165.1,1179,1158.6,1170.4,17.7,1169,1309,1482
3/18/2015,Wednesday,1149.2,1174.8,1143.6,1166.2,3.1,1151.3,1869,1680
3/17/2015,Tuesday,1153.5,1158.9,1142,1148.7,5,1148.2,1460,1592
3/16/2015,Monday,1153.2,1163.4,1149.4,1153.9,0.8,1153.2,1028,1518
3/13/2015,Friday,1152.5,1160.4,1150.6,1158,0.5,1152.4,841,1567
3/12/2015,Thursday,1152.7,1165.3,1147.8,1152.4,1.3,1151.9,1110,1558
3/11/2015,Wednesday,1161.2,1163.9,1146.8,1154,9.5,1150.6,1062,1553
3/10/2015,Tuesday,1167,1169.8,1153.3,1161.2,6.4,1160.1,1442,1520
3/9/2015,Monday,1168,1174.2,1165,1165.9,2.2,1166.5,925,1571
3/6/2015,Friday,1198.2,1199.7,1163,1167.8,31.9,1164.3,2385,1586
3/5/2015,Thursday,1200.2,1208.6,1196,1198,4.7,1196.2,1001,1606
3/4/2015,Wednesday,1203.5,1208.7,1197.7,1199.7,3.5,1200.9,851,1548
3/3/2015,Tuesday,1207.3,1214.5,1195,1203.1,3.8,1204.4,1366,1604
3/2/2015,Monday,1212.2,1223,1204.3,1205.8,4.9,1208.2,1435,1395
2/27/2015,Friday,1209.3,1218.9,1204.4,1212.9,3,1213.1,1083,1385
2/26/2015,Thursday,1206.4,1219.6,1204,1209.3,8.6,1210.1,1123,1400
2/25/2015,Wednesday,1200.9,1211.7,1200.5,1204,4.2,1201.5,784,1324
2/24/2015,Tuesday,1206.6,1207.3,1206.6,1207.3,3.4,1196.9,4,24
2/23/2015,Monday,1204,1209.9,1198,1201,4.1,1200.3,6,30
2/20/2015,Friday,1204.4,1204.4,1204.4,1204.4,2.7,1204.4,2,32
2/19/2015,Thursday,1209,1209.2,1209,1209,7.4,1207.1,1,43
2/18/2015,Wednesday,1213,1213,1199.9,1199.9,8.4,1199.7,5,48
2/17/2015,Tuesday,1233.5,1233.5,1210,1210,18.4,1208.1,7,61
2/13/2015,Friday,1229,1229,1229,1229,6.4,1226.5,2,59
2/12/2015,Thursday,1224.2,1224.6,1218.1,1221.5,1.1,1220.1,6,59
2/11/2015,Wednesday,1219,1219,1219,1219,12.6,1219,0,59
2/10/2015,Tuesday,1239.6,1245.7,1235.8,1235.8,9.2,1231.6,8,60
2/9/2015,Monday,1242.1,1242.1,1242.1,1242.1,6.9,1240.8,1,60
2/6/2015,Friday,1244.1,1244.1,1230,1235,28.1,1233.9,19,66
2/5/2015,Thursday,1262,1262,1262,1262,1.8,1262,0,66
2/4/2015,Wednesday,1265.5,1266.2,1263.1,1266.2,4.1,1263.8,3,67
2/3/2015,Tuesday,1287,1287,1261.8,1261.8,16.5,1259.7,64,103
2/2/2015,Monday,1281.9,1281.9,1268,1271.4,2.3,1276.2,8,108
1/30/2015,Friday,1261.5,1283.1,1261.3,1283.1,23.9,1278.5,63,138
1/29/2015,Thursday,1283.6,1285.4,1252,1256.2,31.3,1254.6,397,326
1/27/2015,Tuesday,1280.9,1297.2,1272.1,1292.4,12.3,1291.7,1739,934
1/26/2015,Monday,1292.7,1299,1275.5,1280.8,13.2,1279.4,1314,1139
1/23/2015,Friday,1302.1,1302.5,1284.5,1294.7,8.1,1292.6,1327,1233
1/22/2015,Thursday,1292.3,1307.9,1278.9,1302.1,7,1300.7,1940,1260
1/21/2015,Wednesday,1294.9,1305.9,1284,1291.7,0.5,1293.7,2043,1321
1/20/2015,Tuesday,1280.7,1297,1272.5,1293.6,17.3,1294.2,2376,1344
1/16/2015,Friday,1261.6,1282.3,1255.5,1280.5,12.1,1276.9,2177,1455
1/15/2015,Thursday,1229.5,1267,1226.4,1263,30.3,1264.8,2920,1407
1/14/2015,Wednesday,1232,1245.2,1225.2,1228.6,0.1,1234.5,2126,1324
1/13/2015,Tuesday,1233.1,1244.4,1227.5,1231,1.6,1234.4,1655,1444
1/12/2015,Monday,1223,1236,1217.9,1233,16.7,1232.8,1387,1408
1/9/2015,Friday,1208.1,1224,1207,1223.1,7.6,1216.1,1167,1401
1/8/2015,Thursday,1210.9,1216.5,1204.7,1209.5,2.2,1208.5,1023,1286
1/7/2015,Wednesday,1219.8,1219.8,1209.2,1211.7,8.7,1210.7,991,1282
1/6/2015,Tuesday,1203.2,1223.2,1201.6,1218.8,15.4,1219.4,1407,1356
1/5/2015,Monday,1191,1207.3,1177.7,1204,17.8,1204,1627,1352
1/2/2015,Friday,1184.5,1194.7,1167.3,1189.8,2.1,1186.2,1531,1422
12/26/2014,Friday,1177,1199.5,1176.3,1194.2,21.8,1195.3,896,1355
12/24/2014,Wednesday,1173.5,1173.5,1173.5,1173.5,4.4,1173.5,0,10
12/23/2014,Tuesday,1188.5,1189.6,1188.5,1189.6,1.8,1177.9,2,10
12/22/2014,Monday,1190.6,1190.6,1186,1186,16.2,1179.7,2,11
12/19/2014,Friday,1210.4,1210.4,1210.4,1210.4,1.2,1195.9,1,11
12/18/2014,Thursday,1194.7,1194.7,1194.7,1194.7,0.4,1194.7,0,11
12/17/2014,Wednesday,1194.3,1194.3,1194.3,1194.3,0.4,1194.3,0,11
12/16/2014,Tuesday,1214,1214,1214,1214,13.3,1193.9,3,20
12/15/2014,Monday,1225,1231.1,1203,1203,14.8,1207.2,15,23
12/12/2014,Friday,1222,1222,1222,1222,3.1,1222,0,23
12/10/2014,Wednesday,1228.9,1228.9,1228.9,1228.9,2.6,1228.9,0,23
12/9/2014,Tuesday,1222.6,1242.7,1222.6,1239,36.8,1231.5,9,40
12/8/2014,Monday,1205,1205,1203,1203,4.6,1194.7,3,41
12/5/2014,Friday,1190,1190,1190,1190,17.4,1190.1,1,41
12/4/2014,Thursday,1210,1218.5,1203.5,1203.7,1,1207.5,15,43
12/3/2014,Wednesday,1218,1218,1213.5,1214,9.3,1208.5,4,47
12/2/2014,Tuesday,1202.1,1205.8,1200,1200,18.8,1199.2,4,62
12/1/2014,Monday,1164,1221.7,1147,1221.7,42.8,1218,38,67
11/28/2014,Friday,1200.3,1200.3,1168,1168,21.4,1175.2,117,162
11/26/2014,Wednesday,1200.8,1200.8,1194,1195.7,0.5,1196.6,339,376
11/25/2014,Tuesday,1198.7,1202.8,1189.8,1200.5,1.4,1197.1,941,1515
11/24/2014,Monday,1201.4,1203.8,1192.1,1197.5,2,1195.7,934,1804
11/21/2014,Friday,1194.6,1207.1,1185.8,1201.8,6.8,1197.7,2084,1890
11/20/2014,Thursday,1182,1196.3,1176.5,1193.9,3,1190.9,1274,1933
11/19/2014,Wednesday,1196.9,1201.6,1174.5,1181.3,3.2,1193.9,2233,1902
11/18/2014,Tuesday,1187.2,1204.4,1181.5,1196.9,13.6,1197.1,1505,1936
11/17/2014,Monday,1186.5,1193.5,1180.8,1187.1,2.1,1183.5,1373,1879
11/14/2014,Friday,1160,1193,1145.7,1189.4,24.1,1185.6,3062,2026
11/13/2014,Thursday,1161.7,1167.5,1152.6,1161.4,2.4,1161.5,929,2035
11/12/2014,Wednesday,1163.8,1169.2,1155.6,1162,3.9,1159.1,1201,2042
11/11/2014,Tuesday,1149.8,1172.4,1145.2,1163.9,3.2,1163,1333,2181
11/10/2014,Monday,1176.1,1176.4,1146.7,1152.1,10,1159.8,1468,2067
11/7/2014,Friday,1142,1178.9,1131.2,1177.5,27.2,1169.8,2947,2133
11/6/2014,Thursday,1140.5,1148.9,1137.6,1141.4,3.1,1142.6,1110,2106
11/5/2014,Wednesday,1168.8,1169.3,1137.4,1139.9,22,1145.7,2280,2014
11/4/2014,Tuesday,1165.4,1174.9,1163.5,1167.4,2.1,1167.7,662,2006
11/3/2014,Monday,1170.5,1173.5,1161.4,1165.8,1.8,1169.8,628,1982
10/31/2014,Friday,1199.1,1202.4,1159.7,1173.1,27,1171.6,1586,1931
10/30/2014,Thursday,1212.4,1216.2,1195.4,1198.1,26.3,1198.6,1614,1816
10/29/2014,Wednesday,1228,1231.5,1208.2,1211.6,4.5,1224.9,1366,1635
10/28/2014,Tuesday,1224.8,1228.6,1224.8,1228.6,0.1,1229.2,6,2
10/27/2014,Monday,1229.1,1229.1,1229.1,1229.1,2.1,1229.1,0,2
10/24/2014,Friday,1231.2,1231.2,1231.2,1231.2,2.7,1231.2,0,2
10/23/2014,Thursday,1228.5,1228.5,1228.5,1228.5,16.3,1228.5,0,2
10/22/2014,Wednesday,1244.8,1244.8,1244.8,1244.8,6.2,1244.8,0,2
10/21/2014,Tuesday,1251,1251,1251,1251,7,1251,0,2
10/20/2014,Monday,1244,1244,1244,1244,5.7,1244,0,2
10/17/2014,Friday,1238.3,1238.3,1238.3,1238.3,2.2,1238.3,0,2
10/16/2014,Thursday,1240,1240,1240,1240,3.6,1240.5,1,2
10/15/2014,Wednesday,1244.1,1244.1,1244.1,1244.1,10.5,1244.1,0,2
10/14/2014,Tuesday,1233.6,1233.6,1233.6,1233.6,4.3,1233.6,0,2
10/13/2014,Monday,1229.3,1229.3,1229.3,1229.3,8.3,1229.3,0,2
10/10/2014,Friday,1221,1221,1221,1221,3.6,1221,0,2
10/9/2014,Thursday,1223,1223.4,1219,1219,19.3,1224.6,2,2
10/8/2014,Wednesday,1210.5,1210.5,1210.5,1210.5,6.4,1205.3,10,12
10/7/2014,Tuesday,1211.7,1210.4,1204.6,1205.3,5,1211.7,3,12
10/6/2014,Monday,1206.7,1206.7,1206.7,1206.7,14.5,1206.7,0,12
10/3/2014,Friday,1219.4,1219.4,1198.2,1198.2,22,1192.2,4,24
10/2/2014,Thursday,1220.8,1222.4,1211.8,1222.4,0.4,1214.2,8,28
10/1/2014,Wednesday,1206.1,1242.7,1204.2,1220.7,4.1,1214.6,100,110
9/30/2014,Tuesday,1215,1218.5,1206.6,1211,7,1210.5,13,122
9/29/2014,Monday,1216.5,1220.7,1214.4,1215.2,3.4,1217.5,91,190
9/26/2014,Friday,1224.7,1230,1213,1217.4,7.1,1214.1,91,226
9/25/2014,Thursday,1216,1223.5,1207.7,1221.6,2.6,1221.2,105,251
9/24/2014,Wednesday,1222.5,1224.8,1215.5,1217,2.4,1218.6,53,275
9/23/2014,Tuesday,1217.2,1233.9,1215.4,1223,4.2,1221,145,315
9/22/2014,Monday,1216.6,1219.3,1209.5,1214.4,1.3,1216.8,75,324
9/19/2014,Friday,1226.4,1227.3,1213.9,1215.8,10.4,1215.5,482,736
9/18/2014,Thursday,1221.8,1227,1216.2,1225.6,9,1225.9,179,719
9/17/2014,Wednesday,1235.1,1241,1221.2,1222.9,0.8,1234.9,98,713
9/16/2014,Tuesday,1232.7,1241.2,1232.1,1234.9,1.6,1235.7,93,725
9/15/2014,Monday,1228.5,1237.4,1224.5,1233.4,3.7,1234.1,63,748
9/12/2014,Friday,1239.8,1241.2,1226.9,1229.4,7.5,1230.4,126,778
9/11/2014,Thursday,1249,1249,1235.5,1241,6.2,1237.9,257,672
9/10/2014,Wednesday,1254.1,1257.1,1244,1249.4,3.2,1244.1,119,659
9/9/2014,Tuesday,1256.4,1257.5,1247.6,1256,5.9,1247.3,155,622
9/8/2014,Monday,1268.8,1271.2,1251.9,1254.7,13.1,1253.2,139,605
9/5/2014,Friday,1260,1273.3,1257,1268.5,0.7,1266.3,207,543
9/4/2014,Thursday,1268.9,1276.9,1260.6,1260.7,3.8,1265.6,188,559
9/3/2014,Wednesday,1266.8,1271.5,1260.4,1269.4,5.1,1269.4,90,577
9/2/2014,Tuesday,1286.5,1289.7,1262.8,1265.1,22.2,1264.3,348,503
8/29/2014,Friday,1289.8,1291.2,1283.7,1288.3,3,1286.5,60,501
8/28/2014,Thursday,1283.3,1296.2,1283.2,1289.6,7,1289.5,216,505
8/27/2014,Wednesday,1281,1287,1280.2,1282.7,1.8,1282.5,35,515
8/26/2014,Tuesday,1291,1293.1,1276.7,1276.7,6.5,1283.8,8,27
8/25/2014,Monday,1271.6,1271.6,1271.6,1271.6,1.3,1277.3,5,27
8/22/2014,Friday,1278.6,1278.6,1278.6,1278.6,4.9,1278.6,0,27
8/21/2014,Thursday,1273.7,1273.7,1273.7,1273.7,19.7,1273.7,0,27
8/20/2014,Wednesday,1299.9,1299.9,1299.9,1299.9,1.7,1293.4,1,28
8/19/2014,Tuesday,1297,1299.9,1297,1299.9,2.6,1295.1,1,29
8/18/2014,Monday,1300.5,1303,1299.4,1299.4,6.8,1297.7,28,37
8/15/2014,Friday,1304.5,1304.5,1304.5,1304.5,9.4,1304.5,0,37
8/14/2014,Thursday,1313.9,1313.9,1313.9,1313.9,1.1,1313.9,0,47
8/13/2014,Wednesday,1312.8,1312.8,1312.8,1312.8,4,1312.8,0,47
8/12/2014,Tuesday,1309.6,1316,1309.6,1313,0.3,1308.8,3,50
8/11/2014,Monday,1308.5,1308.5,1308.5,1308.5,0.4,1308.5,1,51
8/8/2014,Friday,1314,1314,1312,1312,1.9,1308.9,2,53
8/7/2014,Thursday,1305.4,1313.2,1303.4,1313.2,4.1,1310.8,5,71
8/6/2014,Wednesday,1291.2,1309.1,1291.2,1305.3,22.7,1306.7,9,70
8/5/2014,Tuesday,1290,1293.1,1283.1,1288.8,3.7,1284,12,77
8/4/2014,Monday,1293.7,1294.9,1285.8,1287.9,5.9,1287.7,13,75
8/1/2014,Friday,1286,1297.1,1281.8,1292.9,12.3,1293.6,20,82
7/31/2014,Thursday,1295.6,1296.6,1282.4,1283.5,13.6,1281.3,35,98
7/30/2014,Wednesday,1298.8,1302.4,1292.3,1295.2,3.4,1294.9,287,298
7/29/2014,Tuesday,1305.6,1311.5,1296.1,1297.7,5,1298.3,494,1030
7/28/2014,Monday,1308,1309,1301.5,1304,,1303.3,442,1068
7/25/2014,Friday,1293.7,1311,1291.7,1308.1,12.5,1303.3,664,1241
7/24/2014,Thursday,1304.7,1305.4,1287.7,1293.9,13.9,1290.8,1295,1419
7/23/2014,Wednesday,1308.1,1312,1303.7,1304.5,1.6,1304.7,812,1480
7/22/2014,Tuesday,1313.9,1316.2,1302.2,1307.6,7.6,1306.3,1011,1418
7/21/2014,Monday,1308.8,1318.8,1308.2,1312.9,4.5,1313.9,497,1488
7/18/2014,Friday,1317.4,1325.1,1305.1,1310.5,7.5,1309.4,675,1478
7/17/2014,Thursday,1299.7,1325.6,1297.9,1319,17.1,1316.9,1416,1354
7/16/2014,Wednesday,1295.3,1304.1,1294.6,1300.9,2.7,1299.8,559,1343
7/15/2014,Tuesday,1309,1314.5,1292.8,1294.3,9.6,1297.1,1208,1468
7/14/2014,Monday,1340.4,1340.5,1301,1308.1,30.7,1306.7,1643,1650
7/11/2014,Friday,1337.5,1341.2,1334.5,1340,1.8,1337.4,392,1673
7/10/2014,Thursday,1327,1346.3,1326,1335.8,14.9,1339.2,1145,1690
7/9/2014,Wednesday,1320,1333.2,1318.3,1327.9,7.8,1324.3,787,1626
7/8/2014,Tuesday,1320.1,1326.8,1314.3,1320.1,0.5,1316.5,679,1643
7/7/2014,Monday,1321.2,1324.1,1312.3,1321.2,3.6,1317,360,1642
7/3/2014,Thursday,1326.4,1328.4,1307.1,1320,10.3,1320.6,980,1682
7/2/2014,Wednesday,1327.6,1333.2,1322.2,1327.6,4.3,1330.9,516,1670
7/1/2014,Tuesday,1327.2,1335,1324.3,1326.9,4.6,1326.6,926,1611
6/30/2014,Monday,1316.6,1330.3,1311.2,1328.6,2,1322,824,1489
6/27/2014,Friday,1317.1,1323,1313.6,1316.8,3,1320,511,1464
6/26/2014,Thursday,1321.2,1321.2,1307,1318,5.6,1317,844,1425
6/25/2014,Wednesday,1327,1327,1327,1327,1.3,1322.2,2,32
6/24/2014,Tuesday,1320.9,1320.9,1320.9,1320.9,2.9,1320.9,0,32
6/23/2014,Monday,1318,1318,1318,1318,1.8,1318,0,32
6/20/2014,Friday,1333.3,1333.3,1333.3,1325.1,2.5,1316.2,1,33
6/19/2014,Thursday,1300,1325.9,1300,1316,41.3,1313.7,9,32
6/18/2014,Wednesday,1280,1280,1280,1280,0.7,1272.4,1,33
6/17/2014,Tuesday,1267.1,1275,1267.1,1275,3.2,1271.7,1,32
6/16/2014,Monday,1285,1285,1285,1285,1.2,1274.9,1,33
6/13/2014,Friday,1285,1287.7,1285,1287.7,0.1,1273.7,9,40
6/12/2014,Thursday,1273.6,1272.4,1273.6,1272.4,12.8,1273.6,0,40
6/11/2014,Wednesday,1267.3,1267.3,1262,1262,1,1260.8,4,40
6/10/2014,Tuesday,1260.4,1263,1260.4,1263,6.3,1259.8,4,41
6/9/2014,Monday,1259,1259,1259,1259,1.4,1253.5,6,47
6/6/2014,Friday,1261.8,1263.2,1250.8,1251,0.9,1252.1,11,50
6/5/2014,Thursday,1246.1,1257.5,1246.1,1257.5,9,1253,7,52
6/4/2014,Wednesday,1247,1249.3,1244.7,1247,0.3,1244,11,51
6/3/2014,Tuesday,1250.5,1250.5,1242,1244,0.6,1244.3,17,56
6/2/2014,Monday,1249,1252.2,1240.4,1249.3,1.9,1243.7,96,107
5/30/2014,Friday,1257.4,1260,1242.3,1252,10.7,1245.6,97,175
5/29/2014,Thursday,1259,1260,1251.3,1252.7,3,1256.3,376,634
5/28/2014,Wednesday,1263.7,1267,1255.1,1258.4,6.2,1259.3,640,808
5/27/2014,Tuesday,1291.9,1294.1,1262.7,1263,26.2,1265.5,1395,1036
5/23/2014,Friday,1294.3,1295.7,1286.7,1292.2,3.3,1291.7,733,1183
5/22/2014,Thursday,1292,1304,1289.9,1293.2,6.9,1295,825,1244
5/21/2014,Wednesday,1293.9,1296.2,1283.3,1292.1,6.5,1288.1,772,1266
5/20/2014,Tuesday,1293,1297.2,1286,1294.1,0.8,1294.6,771,1311
5/19/2014,Monday,1293,1305.5,1289.8,1293.6,0.4,1293.8,610,1327
5/16/2014,Friday,1295.5,1298.3,1287.5,1291.8,0.2,1293.4,491,1302
5/15/2014,Thursday,1306.9,1307,1287.5,1296.2,12.3,1293.6,741,1282
5/14/2014,Wednesday,1294.2,1309.4,1291.8,1307,11.1,1305.9,862,1297
5/13/2014,Tuesday,1296,1298.8,1287.6,1293.9,1,1294.8,737,1268
5/12/2014,Monday,1288.6,1304.1,1277.9,1295.3,8.2,1295.8,1119,1394
5/9/2014,Friday,1290.4,1294.5,1285.5,1289.3,0.1,1287.6,468,1389
5/8/2014,Thursday,1290.5,1295.3,1284.8,1290,1.2,1287.7,655,1390
5/7/2014,Wednesday,1308.6,1314.6,1285.9,1289.7,19.7,1288.9,1525,1432
5/6/2014,Tuesday,1309.9,1314,1304.4,1307.3,0.7,1308.6,517,1403
5/5/2014,Monday,1301,1315.9,1296,1310.4,6.4,1309.3,731,1442
5/2/2014,Friday,1284.2,1304.7,1272.2,1299.3,19.5,1302.9,1612,1455
5/1/2014,Thursday,1292.7,1293.1,1277.3,1284.5,12.5,1283.4,876,1399
4/30/2014,Wednesday,1294.2,1298.5,1285,1291.2,0.4,1295.9,1159,1424
4/29/2014,Tuesday,1296.5,1301.8,1286.5,1295.5,2.7,1296.3,796,1450
4/28/2014,Monday,1303.6,1306.5,1292.4,1296.1,1.8,1299,748,1442
4/25/2014,Friday,1331.6,1341.9,1301.8,1301.8,10.2,1300.7,11,11
4/24/2014,Thursday,1311.7,1323.1,1311.7,1314.2,6.3,1290.5,13,24
4/23/2014,Wednesday,1284.2,1284.2,1284.2,1284.2,3.6,1284.2,3,27
4/22/2014,Tuesday,1280.6,1291,1280.6,1291,7.4,1280.6,1,28
4/21/2014,Monday,1288,1288,1288,1288,5.4,1288,0,28
4/17/2014,Thursday,1303.1,1310,1303.1,1303.1,9.7,1293.4,1,29
4/16/2014,Wednesday,1303.1,1303.1,1303.1,1303.1,3.1,1303.1,0,29
4/15/2014,Tuesday,1305,1307,1305,1306.1,27.2,1300,8,37
4/14/2014,Monday,1322,1332,1322,1332,8.5,1327.2,7,44
4/11/2014,Friday,1321.5,1322,1321.5,1322,1.4,1318.7,1,45
4/10/2014,Thursday,1320.1,1321,1320.1,1321,14.6,1320.1,0,45
4/9/2014,Wednesday,1310,1313,1308,1313,3.2,1305.5,2,55
4/8/2014,Tuesday,1309.5,1314.1,1309.5,1312,10.7,1308.7,1,55
4/7/2014,Monday,1298,1298,1298,1298,5.2,1298,0,55
4/4/2014,Friday,1310.1,1311.4,1310.1,1311.4,18.8,1303.2,3,56
4/3/2014,Thursday,1294.9,1295.8,1285,1285,6.1,1284.4,4,60
4/2/2014,Wednesday,1282.9,1303.2,1281.8,1300.7,10.9,1290.5,31,83
4/1/2014,Tuesday,1286.7,1293.2,1280.7,1280.7,3.8,1279.6,15,92
3/31/2014,Monday,1297.5,1298.4,1282.7,1282.7,10.4,1283.4,81,218
3/28/2014,Friday,1291.1,1298.7,1286.8,1294.5,0.9,1293.8,288,713
3/27/2014,Thursday,1306.8,1307.4,1288.6,1290.4,8.7,1294.7,624,1019
3/26/2014,Wednesday,1311.5,1317,1297.5,1304.3,8,1303.4,1528,1015
3/25/2014,Tuesday,1307.1,1318.1,1305.6,1311,0.2,1311.4,826,1049
3/24/2014,Monday,1335.2,1335.4,1308,1309.2,24.8,1311.2,1531,1010
3/21/2014,Friday,1330.1,1342.8,1328.5,1334.9,5.5,1336,961,1019
3/20/2014,Thursday,1332,1335.3,1321,1327.6,10.8,1330.5,1173,1123
3/19/2014,Wednesday,1357.2,1360,1327.4,1331,17.7,1341.3,2186,926
3/18/2014,Tuesday,1366.9,1367.7,1351.2,1355.4,13.9,1359,1540,915
3/17/2014,Monday,1387,1392.2,1361.8,1367.6,6.1,1372.9,1466,851
3/14/2014,Friday,1372.2,1388.2,1367.4,1382.5,6.6,1379,1601,1013
3/13/2014,Thursday,1367.5,1375.2,1364.7,1370.6,1.9,1372.4,882,1025
3/12/2014,Wednesday,1347.2,1371.2,1345.9,1366.9,23.8,1370.5,1414,918
3/11/2014,Tuesday,1341.3,1352.7,1337.8,1349.8,5.2,1346.7,1143,830
3/7/2014,Friday,1350,1354,1326.6,1340,13.6,1338.2,1788,762
3/6/2014,Thursday,1335.3,1353.8,1331.3,1351.2,11.5,1351.8,1137,992
3/5/2014,Wednesday,1334.5,1341.9,1332.9,1336.7,2.4,1340.3,688,999
