Date,Settle,Relative Value,Settle Delta,Rel Val Delta,Signal,Profit,EC
2019-07-26,1531.0,1501.3473200000026,,196.31345666667357,1.0,,
2019-07-19,1508.3,1305.033863333329,22.700000000000045,231.88581095237691,1.0,22.700000000000045,497.40000000000157
2019-07-12,1542.4,1073.148052380952,-34.100000000000136,-377.78208761904466,-1.0,34.100000000000136,474.7000000000015
2019-07-05,1564.2,1450.9301399999968,-21.799999999999955,-25.875380000005407,-1.0,21.799999999999955,440.6000000000014
2019-06-28,1537.6,1476.8055200000022,26.600000000000136,74.94626000000244,1.0,26.600000000000136,418.80000000000143
2019-06-21,1491.3,1401.8592599999997,46.299999999999955,26.775259999998298,1.0,46.299999999999955,392.2000000000013
2019-06-14,1452.7,1375.0840000000014,38.59999999999991,29.823548333336248,1.0,38.59999999999991,345.90000000000134
2019-06-07,1349.5,1345.2604516666652,103.20000000000005,79.8409049999982,1.0,103.20000000000005,307.30000000000143
2019-05-31,1333.9,1265.419546666667,15.599999999999909,-70.63010300000155,-1.0,-15.599999999999909,204.1000000000014
2019-05-24,1330.4,1336.0496496666685,3.5,5.234733000004326,1.0,3.5,219.7000000000013
2019-05-17,1310.5,1330.8149166666642,19.90000000000009,-18.298347333337915,-1.0,-19.90000000000009,216.2000000000013
2019-05-10,1355.4,1349.1132640000021,-44.90000000000009,0.8133283333374948,1.0,-44.90000000000009,236.1000000000014
2019-05-03,1362.7,1348.2999356666646,-7.2999999999999545,-16.654712333333237,-1.0,7.2999999999999545,281.0000000000015
2019-04-26,1452.2,1364.9546479999979,-89.5,-20.13510699999688,-1.0,89.5,273.7000000000015
2019-04-12,1355.2,1385.0897549999947,97.0,-14.20348500000091,-1.0,-97.0,184.20000000000152
2019-04-05,1349.1,1399.2932399999956,6.100000000000136,-96.82840000000397,-1.0,-6.100000000000136,281.2000000000015
2019-03-29,1345.0,1496.1216399999996,4.099999999999909,39.54922500000066,1.0,4.099999999999909,287.30000000000166
2019-03-22,1535.9,1456.572414999999,-190.9000000000001,-10.3902650000025,-1.0,190.9000000000001,283.20000000000175
2019-03-15,1535.6,1466.9626800000015,0.3000000000001819,15.112635999999384,1.0,0.3000000000001819,92.30000000000166
2019-03-08,1489.0,1451.850044000002,46.59999999999991,22.07920399999921,1.0,46.59999999999991,92.00000000000148
2019-03-01,1536.6,1429.7708400000029,-47.59999999999991,32.022181000000955,1.0,-47.59999999999991,45.40000000000157
2019-02-22,1462.2,1397.748659000002,74.39999999999986,30.15068900000665,1.0,74.39999999999986,93.00000000000148
2019-02-15,1407.2,1367.5979699999953,55.0,37.927479999992784,1.0,55.0,18.600000000001614
2019-02-08,1371.2,1329.6704900000025,36.0,23.243048333335537,1.0,36.0,-36.399999999998386
2019-02-01,1313.6,1306.427441666667,57.600000000000136,6.938455333335924,1.0,57.600000000000136,-72.39999999999839
2019-01-25,1319.8,1299.488986333331,-6.2000000000000455,6.842959666667184,1.0,-6.2000000000000455,-129.99999999999852
2019-01-18,1335.1,1292.6460266666638,-15.299999999999955,7.667061666667678,1.0,-15.299999999999955,-123.79999999999848
2019-01-11,1278.7,1284.9789649999962,56.399999999999864,8.055144999994809,1.0,56.399999999999864,-108.49999999999852
2019-01-04,1234.4,1276.9238200000013,44.299999999999955,14.831413333333785,1.0,44.299999999999955,-164.89999999999839
2018-12-28,1183.4,1262.0924066666676,51.0,96.50072666666597,1.0,51.0,-209.19999999999834
2018-12-21,1207.7,1165.5916800000016,-24.299999999999955,-13.872493333334205,-1.0,24.299999999999955,-260.19999999999834
2018-12-14,1198.6,1179.4641733333358,9.100000000000136,23.77344000000153,1.0,9.100000000000136,-284.4999999999983
2018-12-07,1196.4,1155.6907333333343,2.199999999999818,26.99112666666815,1.0,2.199999999999818,-293.59999999999843
2018-11-30,1168.6,1128.699606666666,27.800000000000182,5.484220000000278,1.0,27.800000000000182,-295.79999999999825
2018-11-23,1114.5,1123.2153866666658,54.09999999999991,27.601493333333337,1.0,54.09999999999991,-323.59999999999843
2018-11-16,1154.6,1095.6138933333325,-40.09999999999991,15.480426666666062,1.0,-40.09999999999991,-377.69999999999834
2018-11-09,1097.5,1080.1334666666664,57.09999999999991,-19.39406000000099,-1.0,-57.09999999999991,-337.59999999999843
2018-11-02,1104.5,1099.5275266666674,-7.0,9.438079999997171,1.0,-7.0,-280.4999999999985
2018-10-26,1085.9,1090.0894466666703,18.59999999999991,22.537626666668757,1.0,18.59999999999991,-273.4999999999985
2018-10-19,1069.9,1067.5518200000015,16.0,3.921337333332076,1.0,16.0,-292.09999999999843
2018-10-12,1060.8,1063.6304826666694,9.100000000000136,-3.6201839999960157,-1.0,-9.100000000000136,-308.09999999999843
2018-10-05,1057.1,1067.2506666666654,3.7000000000000455,8.993978333332507,1.0,3.7000000000000455,-298.9999999999983
2018-09-28,1072.8,1058.256688333333,-15.700000000000045,40.91615066666702,1.0,-15.700000000000045,-302.69999999999834
2018-09-21,1066.9,1017.3405376666659,5.899999999999864,22.534077666667145,1.0,5.899999999999864,-286.9999999999983
2018-09-14,998.8,994.8064599999988,68.10000000000014,16.303266666664854,1.0,68.10000000000014,-292.89999999999816
2018-09-07,987.8,978.5031933333339,11.0,22.737613333333798,1.0,11.0,-360.9999999999983
2018-08-31,980.3,955.7655800000001,7.5,-64.98680533333322,-1.0,-7.5,-371.9999999999983
2018-08-24,928.6,1020.7523853333333,51.69999999999993,-4.783119999999258,-1.0,-51.69999999999993,-364.4999999999983
2018-08-17,877.8,1025.5355053333326,50.80000000000007,101.0696566666685,1.0,50.80000000000007,-312.79999999999836
2018-08-10,901.1,924.4658486666641,-23.300000000000068,-19.91283133333468,-1.0,23.300000000000068,-363.59999999999843
2018-08-03,907.9,944.3786799999988,-6.7999999999999545,32.88134999999738,1.0,-6.7999999999999545,-386.8999999999985
2018-07-27,918.5,911.4973300000014,-10.600000000000023,-22.688036666664743,-1.0,10.600000000000023,-380.09999999999854
2018-07-20,888.9,934.1853666666661,29.600000000000023,-14.34833333333438,-1.0,-29.600000000000023,-390.69999999999857
2018-07-13,932.8,948.5337000000005,-43.89999999999998,10.19646933333388,1.0,-43.89999999999998,-361.09999999999854
2018-07-06,947.6,938.3372306666666,-14.800000000000068,-13.171573333333185,-1.0,14.800000000000068,-317.19999999999857
2018-06-29,950.9,951.5088039999998,-3.2999999999999545,-29.10492885714166,-1.0,3.2999999999999545,-331.99999999999864
2018-06-22,956.3,980.6137328571415,-5.399999999999977,-10.80665133333548,-1.0,5.399999999999977,-335.2999999999986
2018-06-15,993.8,991.420384190477,-37.5,10.331762190476752,1.0,-37.5,-340.69999999999857
2018-06-08,1018.0,981.0886220000002,-24.200000000000045,-32.685756571427305,-1.0,24.200000000000045,-303.19999999999857
2018-06-01,1002.1,1013.7743785714275,15.899999999999977,-12.21066266666628,-1.0,-15.899999999999977,-327.3999999999986
2018-05-25,979.0,1025.9850412380938,23.100000000000023,33.47504590476092,1.0,23.100000000000023,-311.49999999999864
2018-05-18,962.4,992.5099953333329,16.600000000000023,26.65732657142769,1.0,16.600000000000023,-334.59999999999866
2018-05-11,987.4,965.8526687619052,-25.0,1.6133200000011811,1.0,-25.0,-351.1999999999987
2018-05-04,959.45,964.239348761904,27.949999999999932,-31.962956571429913,-1.0,-27.949999999999932,-326.1999999999987
2018-04-27,965.2,996.2023053333339,-5.75,21.78679533333002,1.0,-5.75,-298.24999999999875
2018-04-20,1031.2,974.4155100000039,-66.0,40.26796466667167,1.0,-66.0,-292.49999999999875
2018-04-13,981.95,934.1475453333322,49.25,-23.354778000003307,-1.0,-49.25,-226.49999999999875
2018-04-06,896.15,957.5023233333355,85.80000000000007,-27.048346666665452,-1.0,-85.80000000000007,-177.24999999999875
2018-03-23,975.05,984.550670000001,-78.89999999999998,-0.5655568571421554,-1.0,78.89999999999998,-91.44999999999868
2018-03-16,992.3,985.1162268571431,-17.25,-8.271985999997696,-1.0,17.25,-170.34999999999866
2018-03-09,990.6,993.3882128571408,1.6999999999999318,-52.257917142856286,-1.0,-1.6999999999999318,-187.59999999999866
2018-03-02,995.45,1045.6461299999971,-4.850000000000023,41.673699999997666,1.0,-4.850000000000023,-185.89999999999873
2018-02-23,1041.15,1003.9724299999995,-45.700000000000045,25.61850580952421,1.0,-45.700000000000045,-181.0499999999987
2018-02-16,1035.75,978.3539241904753,5.400000000000091,-19.90365866666741,-1.0,-5.400000000000091,-135.34999999999866
2018-02-09,963.35,998.2575828571427,72.39999999999998,-54.339050000000384,-1.0,-72.39999999999998,-129.94999999999857
2018-02-02,1044.95,1052.596632857143,-81.60000000000002,-25.283133142855377,-1.0,81.60000000000002,-57.54999999999859
2018-01-26,1085.05,1077.8797659999984,-40.09999999999991,24.38777266666557,1.0,-40.09999999999991,-139.1499999999986
2018-01-19,1098.4,1053.4919933333329,-13.350000000000136,5.537539999999353,1.0,-13.350000000000136,-99.0499999999987
2018-01-12,1105.35,1047.9544533333335,-6.949999999999818,-20.665100000000393,-1.0,6.949999999999818,-85.69999999999857
2018-01-05,1082.2,1068.619553333334,23.149999999999864,26.541626666665934,1.0,23.149999999999864,-92.64999999999839
2017-12-29,1061.0,1042.077926666668,21.200000000000045,23.771088333331818,1.0,21.200000000000045,-115.79999999999825
2017-12-22,1044.85,1018.3068383333361,16.15000000000009,11.152658333335125,1.0,16.15000000000009,-136.9999999999983
2017-12-15,1028.75,1007.154180000001,16.09999999999991,-0.47999666666680696,-1.0,-16.09999999999991,-153.14999999999839
2017-12-08,1009.75,1007.6341766666678,19.0,6.977702333335287,1.0,19.0,-137.04999999999848
2017-12-01,1020.05,1000.6564743333325,-10.299999999999955,-3.056717666669556,-1.0,10.299999999999955,-156.04999999999848
2017-11-24,993.7,1003.7131920000021,26.34999999999991,8.43498200000488,1.0,26.34999999999991,-166.34999999999843
2017-11-17,992.9,995.2782099999972,0.8000000000000682,15.64725999999655,1.0,0.8000000000000682,-192.69999999999834
2017-11-10,993.1,979.6309500000007,-0.20000000000004547,8.136186666668323,1.0,-0.20000000000004547,-193.4999999999984
2017-11-03,991.5,971.4947633333323,1.6000000000000227,62.760630222223085,1.0,1.6000000000000227,-193.29999999999836
2017-10-27,958.25,908.7341331111093,33.25,2.850682333332088,1.0,33.25,-194.89999999999839
2017-10-20,969.85,905.8834507777772,-11.600000000000023,-14.646606999998085,-1.0,11.600000000000023,-228.14999999999839
2017-10-13,985.5,920.5300577777753,-15.649999999999977,1.9920827777750674,1.0,-15.649999999999977,-239.7499999999984
2017-10-06,919.0,918.5379750000002,66.5,-4.894605000000865,-1.0,-66.5,-224.09999999999843
2017-09-29,936.85,923.432580000001,-17.850000000000023,-5.638239999998291,-1.0,17.850000000000023,-157.59999999999843
2017-09-22,920.5,929.0708199999993,16.350000000000023,-20.22812799999963,-1.0,-16.350000000000023,-175.44999999999845
2017-09-15,927.4,949.298947999999,-6.899999999999977,-16.22330199999942,-1.0,6.899999999999977,-159.09999999999843
2017-09-08,936.95,965.5222499999984,-9.550000000000068,28.586563333332606,1.0,-9.550000000000068,-165.9999999999984
2017-09-01,981.15,936.9356866666658,-44.19999999999993,8.38444000000095,1.0,-44.19999999999993,-156.44999999999834
2017-08-25,931.05,928.5512466666648,50.10000000000002,23.370925000000625,1.0,50.10000000000002,-112.24999999999841
2017-08-18,927.1,905.1803216666642,3.949999999999932,10.067996666666545,1.0,3.949999999999932,-162.34999999999843
2017-08-11,894.7,895.1123249999977,32.39999999999998,4.47079999999869,1.0,32.39999999999998,-166.29999999999836
2017-08-04,874.8,890.641524999999,19.90000000000009,28.36831499999687,1.0,19.90000000000009,-198.69999999999834
2017-07-28,880.15,862.2732100000021,-5.350000000000023,-0.9668333333319197,-1.0,5.350000000000023,-218.59999999999843
2017-07-21,844.35,863.240043333334,35.799999999999955,20.810087317461694,1.0,35.799999999999955,-223.94999999999845
2017-07-14,856.75,842.4299560158723,-12.399999999999977,1.3967393492031306,1.0,-12.399999999999977,-259.7499999999984
2017-07-07,831.25,841.0332166666692,25.5,-26.03341133333265,-1.0,-25.5,-247.34999999999843
2017-06-30,836.65,867.0666280000019,-5.399999999999977,56.602794666668956,1.0,-5.399999999999977,-221.84999999999843
2017-06-23,874.55,810.4638333333329,-37.89999999999998,-16.817025333333845,-1.0,37.89999999999998,-216.44999999999845
2017-06-16,888.65,827.2808586666667,-14.100000000000023,-6.571275904763411,-1.0,14.100000000000023,-254.34999999999843
2017-06-09,864.6,833.8521345714302,24.049999999999955,41.17494790476417,1.0,24.049999999999955,-268.44999999999845
2017-06-02,837.95,792.677186666666,26.649999999999977,6.9754900000002635,1.0,26.649999999999977,-292.4999999999984
2017-05-26,786.95,785.7016966666657,51.0,-16.563693333334868,-1.0,-51.0,-319.1499999999984
2017-05-19,760.55,802.2653900000006,26.40000000000009,3.0535999999981414,1.0,26.40000000000009,-268.1499999999984
2017-05-12,803.35,799.2117900000025,-42.80000000000007,-9.84000599999547,-1.0,42.80000000000007,-294.5499999999985
2017-05-05,812.9,809.0517959999979,-9.549999999999955,-0.17742400000224734,-1.0,9.549999999999955,-337.34999999999854
2017-04-28,826.55,809.2292200000002,-13.649999999999977,-9.75279552380971,-1.0,13.649999999999977,-346.8999999999985
2017-04-21,790.6,818.9820155238099,35.94999999999993,15.94178904762066,1.0,35.94999999999993,-360.5499999999985
2017-04-07,803.55,803.0402264761892,-12.949999999999932,1.8656930000003058,1.0,-12.949999999999932,-396.4999999999984
2017-03-31,798.15,801.1745334761889,5.399999999999977,22.10979261904754,1.0,5.399999999999977,-383.5499999999985
2017-03-24,815.1,779.0647408571414,-16.950000000000045,14.799860857139606,1.0,-16.950000000000045,-388.94999999999845
2017-03-17,777.8,764.2648800000018,37.30000000000007,-17.830453333331775,-1.0,-37.30000000000007,-371.9999999999984
2017-03-10,746.0,782.0953333333335,31.799999999999955,-15.086720000000469,-1.0,-31.799999999999955,-334.69999999999834
2017-03-03,767.85,797.182053333334,-21.850000000000023,10.335929999999621,1.0,-21.850000000000023,-302.8999999999984
2017-02-24,771.65,786.8461233333344,-3.7999999999999545,6.20101666666676,1.0,-3.7999999999999545,-281.04999999999836
2017-02-17,779.2,780.6451066666676,-7.550000000000068,12.740023333333397,1.0,-7.550000000000068,-277.2499999999984
2017-02-10,783.1,767.9050833333342,-3.8999999999999773,15.620010666668122,1.0,-3.8999999999999773,-269.69999999999834
2017-02-03,749.0,752.2850726666661,34.10000000000002,-12.363327333333814,-1.0,-34.10000000000002,-265.79999999999836
2017-01-27,738.6,764.6483999999999,10.399999999999977,15.127921968255464,1.0,10.399999999999977,-231.69999999999834
2017-01-20,788.4,749.5204780317445,-49.799999999999955,-0.16713535714279715,-1.0,49.799999999999955,-242.09999999999832
2017-01-13,749.15,749.6876133888873,39.25,84.29013160317243,1.0,39.25,-291.8999999999983
2017-01-06,758.35,665.3974817857148,-9.200000000000045,-0.26603996428411847,-1.0,9.200000000000045,-331.1499999999983
2016-12-30,683.25,665.663521749999,75.10000000000002,-68.42750508333404,-1.0,-75.10000000000002,-340.3499999999983
2016-12-23,655.35,734.091026833333,27.899999999999977,-4.437051166666265,-1.0,-27.899999999999977,-265.2499999999983
2016-12-16,697.9,738.5280779999993,-42.549999999999955,-6.52448177777967,-1.0,42.549999999999955,-237.34999999999832
2016-12-09,735.15,745.0525597777789,-37.25,-11.41538838888789,-1.0,37.25,-279.8999999999983
2016-12-02,744.8,756.4679481666668,-9.649999999999977,60.04685566666694,1.0,-9.649999999999977,-317.1499999999983
2016-11-25,741.05,696.4210924999999,3.75,45.26515249999909,1.0,3.75,-307.4999999999983
2016-11-18,727.8,651.1559400000008,13.25,24.59033514285727,1.0,13.25,-311.2499999999983
2016-11-11,684.7,626.5656048571435,43.09999999999991,24.671870571429963,1.0,43.09999999999991,-324.4999999999983
2016-11-04,624.8,601.8937342857135,59.90000000000009,-28.758250547620264,-1.0,-59.90000000000009,-367.5999999999982
2016-10-28,616.35,630.6519848333338,8.449999999999932,-7.686706976190749,-1.0,-8.449999999999932,-307.6999999999981
2016-10-21,620.75,638.3386918095246,-4.399999999999977,-48.356479499998954,-1.0,4.399999999999977,-299.2499999999982
2016-10-14,648.3,686.6951713095235,-27.549999999999955,-19.978117190477974,-1.0,27.549999999999955,-303.64999999999816
2016-10-07,667.4,706.6732885000015,-19.100000000000023,18.987021726192665,1.0,-19.100000000000023,-331.1999999999981
2016-09-30,721.5,687.6862667738088,-54.10000000000002,18.99632944047562,1.0,-54.10000000000002,-312.0999999999981
2016-09-23,706.4,668.6899373333332,15.100000000000023,-9.444302976190443,-1.0,-15.100000000000023,-257.99999999999807
2016-09-16,672.85,678.1342403095236,33.549999999999955,-4.3839476904767025,-1.0,-33.549999999999955,-242.89999999999804
2016-09-09,679.45,682.5181880000004,-6.600000000000023,-4.998618499998543,-1.0,6.600000000000023,-209.3499999999981
2016-09-02,674.2,687.5168064999989,5.25,-14.931650525613577,-1.0,-5.25,-215.9499999999981
2016-08-26,692.15,702.4484570256125,-17.949999999999932,-0.4321051269838563,-1.0,17.949999999999932,-210.6999999999981
2016-08-19,709.35,702.8805621525963,-17.200000000000045,-1.9383137182541077,-1.0,17.200000000000045,-228.64999999999804
2016-08-12,690.8,704.8188758708504,18.550000000000068,1.494649632756932,1.0,18.550000000000068,-245.8499999999981
2016-08-05,696.3,703.3242262380935,-5.5,24.349491059522506,1.0,-5.5,-264.39999999999816
2016-07-29,709.75,678.974735178571,-13.450000000000045,40.44397717857146,1.0,-13.450000000000045,-258.89999999999816
2016-07-22,686.05,638.5307579999995,23.700000000000045,17.835425999998733,1.0,23.700000000000045,-245.4499999999981
2016-07-15,647.4,620.6953320000008,38.64999999999998,27.28307200000006,1.0,38.64999999999998,-269.14999999999816
2016-07-08,617.1,593.4122600000007,30.299999999999955,28.655700000001502,1.0,30.299999999999955,-307.79999999999814
2016-07-01,605.65,564.7565599999992,11.450000000000045,18.02221961904627,1.0,11.450000000000045,-338.0999999999981
2016-06-24,548.8,546.734340380953,56.85000000000002,-4.372965619047477,-1.0,-56.85000000000002,-349.54999999999814
2016-06-17,532.65,551.1073060000004,16.149999999999977,-0.10519371428563318,-1.0,-16.149999999999977,-292.6999999999981
2016-06-10,547.15,551.2124997142861,-14.5,2.256019380952125,1.0,-14.5,-276.54999999999814
2016-06-03,549.25,548.956480333334,-2.1000000000000227,-12.469838619047778,-1.0,2.1000000000000227,-262.04999999999814
2016-05-27,539.6,561.4263189523817,9.649999999999977,-40.337913238094984,-1.0,-9.649999999999977,-264.14999999999816
2016-05-20,558.7,601.7642321904767,-19.100000000000023,9.460063190476717,1.0,-19.100000000000023,-254.49999999999818
2016-05-13,592.2,592.304169,-33.5,-24.316296000000875,-1.0,33.5,-235.39999999999816
2016-05-06,607.45,616.6204650000009,-15.25,24.423090000001025,1.0,-15.25,-268.89999999999816
2016-04-29,627.9,592.1973749999999,-20.449999999999932,25.80019433333257,1.0,-20.449999999999932,-253.64999999999816
2016-04-22,607.15,566.3971806666673,20.75,18.039421619047175,1.0,20.75,-233.19999999999823
2016-04-15,569.3,548.3577590476201,37.85000000000002,-14.983509285713353,-1.0,-37.85000000000002,-253.94999999999823
2016-04-08,540.15,563.3412683333335,29.149999999999977,-10.04857738095302,-1.0,-29.149999999999977,-216.0999999999982
2016-04-01,561.8,573.3898457142865,-21.649999999999977,4.242429952381485,1.0,-21.649999999999977,-186.94999999999823
2016-03-18,589.6,569.147415761905,-27.800000000000068,12.179349095238308,1.0,-27.800000000000068,-165.29999999999825
2016-03-11,580.45,556.9680666666667,9.149999999999977,3.462271999999757,1.0,9.149999999999977,-137.49999999999818
2016-03-04,563.1,553.5057946666669,17.350000000000023,-134.17115304761944,-1.0,-17.350000000000023,-146.64999999999816
2016-02-26,482.1,687.6769477142864,81.0,137.61997438095307,1.0,81.0,-129.29999999999814
2016-02-19,499.05,550.0569733333333,-16.94999999999999,28.306495333333487,1.0,-16.94999999999999,-210.29999999999814
2016-02-12,527.0,521.7504779999998,-27.94999999999999,16.455741999999134,1.0,-27.94999999999999,-193.34999999999815
2016-02-05,498.7,505.2947360000007,28.30000000000001,2.9930126666674823,1.0,28.30000000000001,-165.39999999999816
2016-01-29,498.5,502.3017233333332,0.19999999999998863,-11.314983333333942,-1.0,-0.19999999999998863,-193.69999999999817
2016-01-22,499.85,513.6167066666671,-1.3500000000000227,14.461162857142085,1.0,-1.3500000000000227,-193.49999999999818
2016-01-15,487.05,499.15554380952506,12.800000000000011,-46.54051619047527,-1.0,-12.800000000000011,-192.14999999999816
2016-01-08,493.6,545.6960600000003,-6.550000000000011,-4.422072666667077,-1.0,6.550000000000011,-179.34999999999815
2015-12-18,558.3,550.1181326666674,-64.69999999999993,-24.278763333332677,-1.0,64.69999999999993,-185.89999999999816
2015-12-11,543.95,574.3968960000001,14.349999999999909,1.335600249999743,1.0,14.349999999999909,-250.5999999999981
2015-12-04,566.2,573.0612957500003,-22.25,17.385847750000835,1.0,-22.25,-264.949999999998
2015-11-27,549.6,555.6754479999995,16.600000000000023,-3.379907000000003,-1.0,-16.600000000000023,-242.699999999998
2015-11-20,558.9,559.0553549999995,-9.299999999999955,-114.23339066666642,-1.0,9.299999999999955,-226.09999999999798
2015-11-13,539.25,673.2887456666659,19.649999999999977,-1.487356523809467,-1.0,-19.649999999999977,-235.39999999999793
2015-11-06,612.95,674.7761021904754,-73.70000000000005,-13.612063642856924,-1.0,73.70000000000005,-215.74999999999795
2015-10-30,677.25,688.3881658333323,-64.29999999999995,-1.9256098571432858,-1.0,64.29999999999995,-289.449999999998
2015-10-23,693.85,690.3137756904756,-16.600000000000023,-0.5807419761896426,-1.0,16.600000000000023,-353.74999999999795
2015-10-16,699.4,690.8945176666653,-5.5499999999999545,3.980521083331837,1.0,-5.5499999999999545,-370.349999999998
2015-10-09,708.15,686.9139965833334,-8.75,35.001820107142294,1.0,-8.75,-364.799999999998
2015-10-02,697.6,651.9121764761911,10.549999999999955,41.87603076190612,1.0,10.549999999999955,-356.049999999998
2015-09-25,667.55,610.036145714285,30.050000000000068,5.380354999999668,1.0,30.050000000000068,-366.599999999998
2015-09-18,610.35,604.6557907142853,57.19999999999993,0.6233077619051528,1.0,57.19999999999993,-396.64999999999804
2015-09-11,590.5,604.0324829523802,19.850000000000023,3.1421279999998433,1.0,19.850000000000023,-453.849999999998
2015-09-04,576.8,600.8903549523803,13.700000000000045,-5.673316380953224,-1.0,-13.700000000000045,-473.699999999998
2015-08-28,589.55,606.5636713333336,-12.75,-22.112937714284612,-1.0,12.75,-459.99999999999795
2015-08-21,604.45,628.6766090476182,-14.900000000000091,10.126252380952451,1.0,-14.900000000000091,-472.74999999999795
2015-08-14,617.5,618.5503566666657,-13.049999999999955,5.2867629523805135,1.0,-13.049999999999955,-457.84999999999786
2015-08-07,596.9,613.2635937142852,20.600000000000023,-12.589299619046528,-1.0,-20.600000000000023,-444.7999999999979
2015-07-31,610.85,625.8528933333317,-13.950000000000045,-9.797306666668419,-1.0,13.950000000000045,-424.1999999999979
2015-07-24,622.6,635.6502000000002,-11.75,-14.649009999999635,-1.0,11.75,-438.14999999999793
2015-07-17,619.0,650.2992099999998,3.6000000000000227,-28.3082013333335,-1.0,-3.6000000000000227,-449.89999999999793
2015-07-10,650.35,678.6074113333333,-31.350000000000023,-20.434770000000867,-1.0,31.350000000000023,-446.2999999999979
2015-06-26,678.6,699.0421813333342,-28.25,-44.19077000000004,-1.0,28.25,-477.64999999999793
2015-06-19,707.35,743.2329513333342,-28.75,-11.677670666666813,-1.0,28.75,-505.89999999999793
2015-06-12,738.15,754.910622000001,-30.799999999999955,-10.394642999997473,-1.0,30.799999999999955,-534.6499999999979
2015-06-05,750.4,765.3052649999985,-12.25,3.042536730157849,1.0,-12.25,-565.4499999999979
2015-05-29,776.75,762.2627282698406,-26.350000000000023,-6.271347444443904,-1.0,26.350000000000023,-553.1999999999979
2015-05-22,784.0,768.5340757142845,-7.25,10.794388777777385,1.0,-7.25,-579.5499999999979
2015-05-15,794.95,757.7396869365072,-10.950000000000045,-17.780128253969337,-1.0,10.950000000000045,-572.2999999999979
2015-05-08,802.35,775.5198151904765,-7.399999999999977,4.653009238095706,1.0,-7.399999999999977,-583.249999999998
2015-05-01,773.75,770.8668059523808,28.600000000000023,0.3703276190459519,1.0,28.600000000000023,-575.849999999998
2015-04-24,769.95,770.4964783333348,3.7999999999999545,3.5875943333330724,1.0,3.7999999999999545,-604.449999999998
2015-04-17,782.65,766.9088840000018,-12.699999999999932,9.032499000002872,1.0,-12.699999999999932,-608.249999999998
2015-04-10,775.75,757.8763849999989,6.899999999999977,-9.742325000001415,-1.0,-6.899999999999977,-595.549999999998
2015-03-27,740.65,767.6187100000003,35.10000000000002,1.8546726666662607,1.0,35.10000000000002,-588.649999999998
2015-03-20,778.75,765.764037333334,-38.10000000000002,-42.046151999999324,-1.0,38.10000000000002,-623.7499999999981
2015-03-13,788.35,807.8101893333334,-9.600000000000023,-1.6178763333347206,-1.0,9.600000000000023,-661.8499999999981
2015-03-06,818.05,809.4280656666681,-29.699999999999932,26.680241428573254,1.0,-29.699999999999932,-671.4499999999981
2015-02-27,818.45,782.7478242380948,-0.40000000000009095,-3.7047290952378944,-1.0,0.40000000000009095,-641.7499999999982
2015-02-20,779.2,786.4525533333327,39.25,0.5944271904746756,1.0,39.25,-642.1499999999983
2015-02-13,794.45,785.858126142858,-15.25,3.343834095238435,1.0,-15.25,-681.3999999999983
2015-02-06,781.3,782.5142920476196,13.150000000000091,3.8168513809538354,1.0,13.150000000000091,-666.1499999999983
2015-01-30,772.4,778.6974406666658,8.899999999999977,-0.4173309999999901,-1.0,-8.899999999999977,-679.2999999999984
2015-01-23,774.1,779.1147716666658,-1.7000000000000455,-17.32393500000319,-1.0,1.7000000000000455,-670.3999999999984
2015-01-16,754.3,796.438706666669,19.800000000000068,0.33879495238227264,1.0,19.800000000000068,-672.0999999999984
2015-01-09,800.15,796.0999117142867,-45.85000000000002,-10.508092952380139,-1.0,45.85000000000002,-691.8999999999985
2015-01-02,794.85,806.6080046666668,5.2999999999999545,9.762987523809898,1.0,5.2999999999999545,-737.7499999999985
2014-12-26,818.6,796.8450171428569,-23.75,-4.41269085714066,-1.0,23.75,-743.0499999999985
2014-12-19,805.1,801.2577079999976,13.5,0.6243106666630638,1.0,13.5,-766.7999999999985
2014-12-12,816.55,800.6333973333345,-11.449999999999932,1.1038106666668455,1.0,-11.449999999999932,-780.2999999999985
2014-12-05,803.2,799.5295866666677,13.349999999999909,16.14037676190503,1.0,13.349999999999909,-768.8499999999985
2014-11-28,812.4,783.3892099047627,-9.199999999999932,11.908370666666656,1.0,-9.199999999999932,-782.1999999999985
2014-11-21,794.9,771.480839238096,17.5,-0.1862743809525682,-1.0,-17.5,-772.9999999999985
2014-11-14,771.35,771.6671136190486,23.549999999999955,-15.270828642857396,-1.0,-23.549999999999955,-755.4999999999985
2014-11-07,772.55,786.937942261906,-1.1999999999999318,6.211393912699691,1.0,-1.1999999999999318,-731.9499999999986
2014-10-31,791.8,780.7265483492063,-19.25,8.669004571428445,1.0,-19.25,-730.7499999999986
2014-10-24,780.9,772.0575437777778,10.899999999999977,-12.682174317460067,-1.0,-10.899999999999977,-711.4999999999986
2014-10-17,756.7,784.7397180952379,24.199999999999932,2.920115285714928,1.0,24.199999999999932,-700.5999999999987
2014-10-10,785.05,781.819602809523,-28.34999999999991,-8.821530785713662,-1.0,28.34999999999991,-724.7999999999986
2014-10-03,754.55,790.6411335952366,30.5,-6.600184166667987,-1.0,-30.5,-753.1499999999985
2014-09-26,783.8,797.2413177619046,-29.25,-29.0022002380947,-1.0,29.25,-722.6499999999985
2014-09-19,812.35,826.2435179999993,-28.550000000000068,-10.019209333333379,-1.0,28.550000000000068,-751.8999999999985
2014-09-12,836.05,836.2627273333327,-23.699999999999932,-30.988727333335532,-1.0,23.699999999999932,-780.4499999999986
2014-09-05,891.0,867.2514546666682,-54.950000000000045,5.342818666667995,1.0,-54.950000000000045,-804.1499999999985
2014-08-29,908.65,861.9086360000002,-17.649999999999977,3.831953523809716,1.0,-17.649999999999977,-749.1999999999985
2014-08-22,887.6,858.0766824761905,21.049999999999955,0.7031521428567657,1.0,21.049999999999955,-731.5499999999985
2014-08-15,894.5,857.3735303333337,-6.899999999999977,3.1709830000003194,1.0,-6.899999999999977,-752.5999999999984
2014-08-08,860.5,854.2025473333334,34.0,-12.9071926666644,-1.0,-34.0,-745.6999999999985
2014-08-01,864.95,867.1097399999978,-4.4500000000000455,4.514709999999582,1.0,-4.4500000000000455,-711.6999999999985
2014-07-25,879.8,862.5950299999982,-14.849999999999909,-1.733965666666677,-1.0,14.849999999999909,-707.2499999999984
2014-07-18,881.5,864.3289956666649,-1.7000000000000455,12.060675333333506,1.0,-1.7000000000000455,-722.0999999999983
2014-07-11,875.3,852.2683203333314,6.2000000000000455,42.94436633333214,1.0,6.2000000000000455,-720.3999999999983
2014-06-27,842.85,809.3239539999993,32.44999999999993,-15.413693999998827,-1.0,-32.44999999999993,-726.5999999999983
2014-06-20,822.95,824.7376479999981,19.899999999999977,-12.537366999999676,-1.0,-19.899999999999977,-694.1499999999984
2014-06-13,813.35,837.2750149999978,9.600000000000023,1.1291616666627533,1.0,9.600000000000023,-674.2499999999984
2014-06-06,843.95,836.145853333335,-30.600000000000023,20.962992000001236,1.0,-30.600000000000023,-683.8499999999984
2014-05-30,835.65,815.1828613333338,8.300000000000068,-3.638785333332521,-1.0,-8.300000000000068,-653.2499999999984
2014-05-23,831.3,818.8216466666663,4.350000000000023,8.300040666668451,1.0,4.350000000000023,-644.9499999999983
2014-05-16,814.8,810.5216059999979,16.5,-1.8367756666676769,-1.0,-16.5,-649.2999999999984
2014-05-09,799.9,812.3583816666655,14.899999999999977,31.30051299999934,1.0,14.899999999999977,-632.7999999999984
2014-05-02,812.55,781.0578686666662,-12.649999999999977,51.85905961904757,1.0,-12.649999999999977,-647.6999999999983
2014-04-25,811.45,729.1988090476186,1.099999999999909,-74.83387078571366,-1.0,-1.099999999999909,-635.0499999999984
2014-04-11,807.05,804.0326798333323,4.400000000000091,23.25828049999882,1.0,4.400000000000091,-633.9499999999985
2014-04-04,791.0,780.7743993333335,16.049999999999955,2.429087333334678,1.0,16.049999999999955,-638.3499999999985
2014-03-28,774.1,778.3453119999988,16.899999999999977,4.391429333331871,1.0,16.899999999999977,-654.3999999999985
2014-03-21,788.75,773.9538826666669,-14.649999999999977,0.05682566666882849,1.0,-14.649999999999977,-671.2999999999985
2014-03-14,773.05,773.8970569999981,15.700000000000045,7.501859333330458,1.0,15.700000000000045,-656.6499999999985
2014-03-07,781.6,766.3951976666676,-8.550000000000068,29.25026344444518,1.0,-8.550000000000068,-672.3499999999985
2014-02-28,743.85,737.1449342222224,37.75,3.2305215555569475,1.0,37.75,-663.7999999999985
2014-02-21,740.0,733.9144126666655,3.8500000000000227,14.524399000000017,1.0,3.8500000000000227,-701.5499999999985
2014-02-14,737.4,719.3900136666655,2.6000000000000227,8.377700333331404,1.0,2.6000000000000227,-705.3999999999985
2014-02-07,708.6,711.0123133333341,28.799999999999955,-21.75101766666569,-1.0,-28.799999999999955,-707.9999999999985
2014-01-31,703.0,732.7633309999998,5.600000000000023,-9.912154492064928,-1.0,-5.600000000000023,-679.1999999999986
2014-01-24,733.9,742.6754854920647,-30.899999999999977,8.140243936510615,1.0,-30.899999999999977,-673.5999999999985
2014-01-17,747.65,734.5352415555541,-13.75,9.313194527776204,1.0,-13.75,-642.6999999999986
2014-01-10,745.15,725.2220470277779,2.5,14.874982170635349,1.0,2.5,-628.9499999999986
2014-01-03,730.3,710.3470648571425,14.850000000000023,8.433915190476,1.0,14.850000000000023,-631.4499999999986
2013-12-27,711.05,701.9131496666665,19.25,-14.29199171428536,-1.0,-19.25,-646.2999999999986
2013-12-20,697.85,716.2051413809519,13.199999999999932,-16.928733619046852,-1.0,-13.199999999999932,-627.0499999999986
2013-12-13,715.75,733.1338749999987,-17.899999999999977,5.170807619047423,1.0,-17.899999999999977,-613.8499999999987
2013-12-06,735.45,727.9630673809513,-19.700000000000045,0.011400666665736026,1.0,-19.700000000000045,-595.9499999999987
2013-11-29,718.0,727.9516667142856,17.450000000000045,-4.049975761906126,-1.0,-17.450000000000045,-576.2499999999986
2013-11-22,713.95,732.0016424761917,4.0499999999999545,-20.5787944285712,-1.0,-4.0499999999999545,-558.7999999999986
2013-11-15,732.3,752.5804369047629,-18.34999999999991,7.890902476189581,1.0,-18.34999999999991,-554.7499999999986
2013-11-08,757.35,744.6895344285733,-25.050000000000068,-3.0138802380931793,-1.0,25.050000000000068,-536.3999999999987
2013-11-01,737.7,747.7034146666665,19.649999999999977,9.068099222222486,1.0,19.649999999999977,-561.4499999999988
2013-10-25,746.9,738.635315444444,-9.199999999999932,11.510595063491223,1.0,-9.199999999999932,-581.0999999999988
2013-10-18,739.65,727.1247203809528,7.25,0.6168790476192498,1.0,7.25,-571.8999999999988
2013-10-11,712.3,726.5078413333335,27.350000000000023,1.1467381904768672,1.0,27.350000000000023,-579.1499999999988
2013-10-04,700.95,725.3611031428567,11.349999999999909,2.5798854285702646,1.0,11.349999999999909,-606.4999999999989
2013-09-27,730.8,722.7812177142864,-29.84999999999991,14.28740533333405,1.0,-29.84999999999991,-617.8499999999988
2013-09-20,720.3,708.4938123809524,10.5,-13.458357619047547,-1.0,-10.5,-587.9999999999989
2013-09-13,697.5,721.9521699999999,22.799999999999955,-2.7111534444449035,-1.0,-22.799999999999955,-577.4999999999989
2013-09-06,695.45,724.6633234444448,2.0499999999999545,-24.86828752380734,-1.0,-2.0499999999999545,-554.6999999999989
2013-08-30,722.1,749.5316109682522,-26.649999999999977,2.6839682539668956,1.0,-26.649999999999977,-552.649999999999
2013-08-23,750.35,746.8476427142853,-28.25,-13.059763666666981,-1.0,28.25,-525.999999999999
2013-08-16,762.15,759.9074063809522,-11.799999999999955,24.172582666666017,1.0,-11.799999999999955,-554.249999999999
2013-08-09,740.1,735.7348237142862,22.049999999999955,0.9777873333343905,1.0,22.049999999999955,-542.449999999999
2013-08-02,728.8,734.7570363809518,11.300000000000068,0.618353333330333,1.0,11.300000000000068,-564.499999999999
2013-07-26,723.1,734.1386830476215,5.699999999999932,9.13494938095323,1.0,5.699999999999932,-575.799999999999
2013-07-19,748.65,725.0037336666683,-25.549999999999955,25.53994355555801,1.0,-25.549999999999955,-581.499999999999
2013-07-12,721.6,699.4637901111103,27.049999999999955,20.944058285712345,1.0,27.049999999999955,-555.949999999999
2013-07-05,675.95,678.5197318253979,45.64999999999998,-2.8719441746026177,-1.0,-45.64999999999998,-582.999999999999
2013-06-28,659.2,681.3916760000005,16.75,-47.1758538095238,-1.0,-16.75,-537.349999999999
2013-06-21,673.25,728.5675298095243,-14.049999999999955,-18.74320314285694,-1.0,14.049999999999955,-520.599999999999
2013-06-14,729.8,747.3107329523813,-56.549999999999955,1.0848812380949084,1.0,-56.549999999999955,-534.649999999999
2013-06-07,759.45,746.2258517142864,-29.65000000000009,-1.7798233333331837,-1.0,29.65000000000009,-478.099999999999
2013-05-31,751.05,748.0056750476195,8.400000000000091,24.244736380952986,1.0,8.400000000000091,-507.7499999999991
2013-05-24,726.05,723.7609386666666,25.0,31.79046545454571,1.0,25.0,-516.1499999999992
2013-05-17,739.5,691.9704732121209,-13.450000000000045,1.3968861962479195,1.0,-13.450000000000045,-541.1499999999992
2013-05-10,704.6,690.5735870158729,34.89999999999998,1.368476230159331,1.0,34.89999999999998,-527.6999999999991
2013-05-03,692.2,689.2051107857136,12.399999999999977,9.884866119047615,1.0,12.399999999999977,-562.5999999999991
2013-04-26,680.85,679.320244666666,11.350000000000023,-25.040999370853,-1.0,-11.350000000000023,-574.9999999999991
2013-04-19,675.9,704.361244037519,4.9500000000000455,-31.523554152958354,-1.0,-4.9500000000000455,-563.6499999999991
2013-04-12,707.95,735.8847981904773,-32.05000000000007,-30.386445809522343,-1.0,32.05000000000007,-558.699999999999
2013-04-05,722.75,766.2712439999997,-14.799999999999955,18.972337428571223,1.0,-14.799999999999955,-590.7499999999991
2013-03-22,759.75,747.2989065714285,-37.0,-10.341795428571686,-1.0,37.0,-575.9499999999991
2013-03-15,773.7,757.6407020000001,-13.950000000000045,32.19409152380922,1.0,-13.950000000000045,-612.9499999999991
2013-03-08,780.65,725.4466104761909,-6.949999999999932,8.05824247619023,1.0,-6.949999999999932,-598.9999999999991
2013-03-01,718.65,717.3883680000007,62.0,-44.677303999999594,-1.0,-62.0,-592.0499999999992
2013-02-22,734.9,762.0656720000003,-16.25,3.9063433333327566,1.0,-16.25,-530.0499999999992
2013-02-15,752.75,758.1593286666675,-17.850000000000023,3.0450354285717367,1.0,-17.850000000000023,-513.7999999999992
2013-02-08,751.1,755.1142932380958,1.6499999999999773,22.484280904762272,1.0,1.6499999999999773,-495.94999999999914
2013-02-01,756.0,732.6300123333335,-4.899999999999977,27.18540630555549,1.0,-4.899999999999977,-497.5999999999991
2013-01-25,740.25,705.444606027778,15.75,9.408931704545466,1.0,15.75,-492.69999999999914
2013-01-18,722.0,696.0356743232326,18.25,7.905794942280295,1.0,18.25,-508.44999999999914
2013-01-11,700.7,688.1298793809523,21.299999999999955,-8.936336442280776,-1.0,-21.299999999999955,-526.6999999999991
2013-01-04,687.8,697.066215823233,12.900000000000091,11.664962380953057,1.0,12.900000000000091,-505.3999999999992
2012-12-28,699.6,685.40125344228,-11.800000000000068,-10.292229549783542,-1.0,11.800000000000068,-518.2999999999993
2012-12-21,681.3,695.6934829920635,18.300000000000068,4.678240706349243,1.0,18.300000000000068,-530.0999999999993
2012-12-14,700.8,691.0152422857143,-19.5,13.74088485714401,1.0,-19.5,-548.3999999999994
2012-12-07,696.5,677.2743574285703,4.2999999999999545,3.492819650792967,1.0,4.2999999999999545,-528.8999999999994
2012-11-30,686.25,673.7815377777773,10.25,40.5182551111111,1.0,10.25,-533.1999999999994
2012-11-23,667.0,633.2632826666662,19.25,11.970791333333636,1.0,19.25,-543.4499999999994
2012-11-16,625.75,621.2924913333326,41.25,-12.3087026666675,-1.0,-41.25,-562.6999999999994
2012-11-09,610.25,633.6011940000001,15.5,3.047374857142813,1.0,15.5,-521.4499999999994
2012-11-02,598.85,630.5538191428573,11.399999999999977,-6.689557333333823,-1.0,-11.399999999999977,-536.9499999999994
2012-10-26,595.7,637.2433764761911,3.1499999999999773,-9.889433999999596,-1.0,-3.1499999999999773,-525.5499999999994
2012-10-19,623.3,647.1328104761907,-27.59999999999991,-9.55971133333469,-1.0,27.59999999999991,-522.3999999999994
2012-10-12,637.95,656.6925218095254,-14.650000000000091,-16.263889523808302,-1.0,14.650000000000091,-549.9999999999993
2012-10-05,661.75,672.9564113333337,-23.799999999999955,18.50329483333394,1.0,-23.799999999999955,-564.6499999999994
2012-09-28,639.65,654.4531164999997,22.100000000000023,-17.629995500000177,-1.0,-22.100000000000023,-540.8499999999995
2012-09-21,670.05,672.0831119999999,-30.399999999999977,19.20161233333397,1.0,-30.399999999999977,-518.7499999999994
2012-09-14,698.8,652.881499666666,-28.75,20.441146333332767,1.0,-28.75,-488.34999999999945
2012-09-07,654.0,632.4403533333332,44.799999999999955,-2.1532022857143147,-1.0,-44.799999999999955,-459.59999999999945
2012-08-31,627.95,634.5935556190475,26.049999999999955,37.50387171428599,1.0,26.049999999999955,-414.7999999999995
2012-08-24,651.55,597.0896839047615,-23.59999999999991,12.516748809523506,1.0,-23.59999999999991,-440.84999999999945
2012-08-17,604.5,584.572935095238,47.049999999999955,3.2344813571435225,1.0,47.049999999999955,-417.24999999999955
2012-08-10,581.5,581.3384537380945,23.0,2.1587880714280345,1.0,23.0,-464.2999999999995
2012-08-03,577.4,579.1796656666664,4.100000000000023,1.5565407619058078,1.0,4.100000000000023,-487.2999999999995
2012-07-27,571.05,577.6231249047606,6.350000000000023,-2.6454562380961306,-1.0,-6.350000000000023,-491.3999999999995
2012-07-20,574.85,580.2685811428568,-3.800000000000068,0.5910076428571074,1.0,-3.800000000000068,-485.0499999999995
2012-07-13,584.35,579.6775734999997,-9.5,-4.034558142857463,-1.0,9.5,-481.24999999999943
2012-07-06,578.85,583.7121316428571,5.5,-12.228753357143091,-1.0,-5.5,-490.74999999999943
2012-06-29,583.05,595.9408850000002,-4.199999999999932,-6.033252666665817,-1.0,4.199999999999932,-485.24999999999943
2012-06-22,605.95,601.974137666666,-22.90000000000009,-4.314446999999177,-1.0,22.90000000000009,-489.44999999999936
2012-06-15,629.1,606.2885846666652,-23.149999999999977,11.745414547618225,1.0,-23.149999999999977,-512.3499999999995
2012-06-08,610.65,594.543170119047,18.450000000000045,4.273506952380785,1.0,18.450000000000045,-489.1999999999995
2012-06-01,612.3,590.2696631666662,-1.6499999999999773,-1.5026456666668082,-1.0,1.6499999999999773,-507.6499999999995
2012-05-25,589.95,591.772308833333,22.34999999999991,-15.956871452381279,-1.0,-22.34999999999991,-509.2999999999995
2012-05-18,603.25,607.7291802857143,-13.299999999999955,-39.48593604761845,-1.0,13.299999999999955,-486.9499999999996
2012-05-11,602.95,647.2151163333327,0.2999999999999545,-15.144632111110923,-1.0,-0.2999999999999545,-500.24999999999955
2012-05-04,651.55,662.3597484444437,-48.59999999999991,0.40973066666720115,1.0,-48.59999999999991,-499.9499999999996
2012-04-27,680.9,661.9500177777765,-29.350000000000023,14.697633301586166,1.0,-29.350000000000023,-451.3499999999997
2012-04-20,676.2,647.2523844761903,4.699999999999932,8.386193142856996,1.0,4.699999999999932,-421.99999999999966
2012-04-13,646.25,638.8661913333333,29.950000000000045,-16.888491999999474,-1.0,-29.950000000000045,-426.6999999999996
2012-04-06,643.85,655.7546833333328,2.3999999999999773,-13.981518666666943,-1.0,-2.3999999999999773,-396.74999999999955
2012-03-30,653.15,669.7362019999997,-9.299999999999955,-16.751629111110674,-1.0,9.299999999999955,-394.34999999999957
2012-03-23,658.4,686.4878311111104,-5.25,-13.90650622222131,-1.0,5.25,-403.6499999999995
2012-03-16,700.2,700.3943373333317,-41.80000000000007,-0.21874044444643914,-1.0,41.80000000000007,-408.8999999999995
2012-03-09,708.2,700.6130777777781,-8.0,-5.118524888889624,-1.0,8.0,-450.6999999999996
2012-03-02,710.8,705.7316026666678,-2.599999999999909,14.68113822222358,1.0,-2.599999999999909,-458.6999999999996
2012-02-24,710.45,691.0504644444442,0.34999999999990905,-9.109023333334221,-1.0,-0.34999999999990905,-456.0999999999997
2012-02-17,687.7,700.1594877777784,22.75,-2.534355555553475,-1.0,-22.75,-455.7499999999998
2012-02-10,702.65,702.6938433333319,-14.949999999999932,27.51895933333367,1.0,-14.949999999999932,-432.9999999999998
2012-02-03,708.45,675.1748839999982,-5.800000000000068,35.16858185714125,1.0,-5.800000000000068,-418.04999999999984
2012-01-27,689.6,640.006302142857,18.850000000000023,7.457962142855877,1.0,18.850000000000023,-412.2499999999998
2012-01-20,675.15,632.5483400000011,14.450000000000045,3.1829233333328375,1.0,14.450000000000045,-431.0999999999998
2012-01-13,634.5,629.3654166666682,40.64999999999998,-9.893864666665081,-1.0,-40.64999999999998,-445.54999999999984
2012-01-06,613.45,639.2592813333333,21.049999999999955,132.4652588333326,1.0,21.049999999999955,-404.89999999999986
2011-12-30,655.6,506.7940225000007,-42.14999999999998,-124.59741478571397,-1.0,42.14999999999998,-425.9499999999998
2011-12-23,665.55,631.3914372857147,-9.949999999999932,-27.625760333332323,-1.0,9.949999999999932,-468.0999999999998
2011-12-16,623.65,659.017197619047,41.89999999999998,24.470725619046902,1.0,41.89999999999998,-478.0499999999997
2011-12-09,684.65,634.5464720000001,-61.0,35.29930333333152,1.0,-61.0,-519.9499999999997
2011-12-02,643.6,599.2471686666686,41.049999999999955,-21.23332961904657,-1.0,-41.049999999999955,-458.9499999999997
2011-11-25,570.0,620.4804982857152,73.60000000000002,-20.534668380952212,-1.0,-73.60000000000002,-417.89999999999975
2011-11-18,605.05,641.0151666666674,-35.049999999999955,-13.006170976188855,-1.0,35.049999999999955,-344.2999999999997
2011-11-11,662.7,654.0213376428562,-57.65000000000009,8.931564309523992,1.0,-57.65000000000009,-379.3499999999997
2011-11-04,655.2,645.0897733333322,7.5,17.49311471428507,1.0,7.5,-321.6999999999996
2011-10-28,668.25,627.5966586190472,-13.049999999999955,9.041583285714637,1.0,-13.049999999999955,-329.1999999999996
2011-10-21,617.75,618.5550753333325,50.5,17.392378761903615,1.0,50.5,-316.14999999999964
2011-10-14,619.9,601.1626965714289,-2.1499999999999773,-27.132424761904304,-1.0,2.1499999999999773,-366.64999999999964
2011-10-07,585.2,628.2951213333332,34.69999999999993,-22.498857333333035,-1.0,-34.69999999999993,-368.7999999999996
2011-09-30,614.55,650.7939786666662,-29.34999999999991,-52.551201333333665,-1.0,29.34999999999991,-334.0999999999997
2011-09-23,640.75,703.3451799999999,-26.200000000000045,3.8205533333326684,1.0,-26.200000000000045,-363.4499999999996
2011-09-16,731.2,699.5246266666672,-90.45000000000005,-35.19389666666655,-1.0,90.45000000000005,-337.24999999999955
2011-09-09,737.1,734.7185233333338,-5.899999999999977,-15.889006666668024,-1.0,5.899999999999977,-427.6999999999996
2011-09-02,781.1,750.6075300000018,-44.0,-0.8695866666651,-1.0,44.0,-433.59999999999957
2011-08-26,756.35,751.4771166666669,24.75,9.838306666665972,1.0,24.75,-477.59999999999957
2011-08-19,748.55,741.638810000001,7.800000000000068,1.850711619049207,1.0,7.800000000000068,-502.34999999999957
2011-08-12,747.7,739.7880983809517,0.849999999999909,-49.394547452382426,-1.0,-0.849999999999909,-510.14999999999964
2011-08-05,740.75,789.1826458333342,6.9500000000000455,-2.583052166666789,-1.0,-6.9500000000000455,-509.2999999999997
2011-07-29,826.7,791.765698000001,-85.95000000000005,19.82488355555688,1.0,-85.95000000000005,-502.3499999999997
2011-07-22,805.15,771.9408144444441,21.550000000000068,16.569896000001563,1.0,21.550000000000068,-416.39999999999964
2011-07-15,779.4,755.3709184444425,25.75,-4.4291622698438005,-1.0,-25.75,-437.9499999999997
2011-07-08,777.95,759.8000807142863,1.4499999999999318,19.556450999999583,1.0,1.4499999999999318,-412.1999999999997
2011-07-01,756.45,740.2436297142867,21.5,-3.3070786190477293,-1.0,-21.5,-413.64999999999964
2011-06-24,730.2,743.5507083333345,26.25,-16.65240211111029,-1.0,-26.25,-392.14999999999964
2011-06-17,743.7,760.2031104444447,-13.5,-16.920759999999973,-1.0,13.5,-365.89999999999964
2011-06-10,815.7,777.1238704444447,-72.0,27.493057396825407,1.0,-72.0,-379.39999999999964
2011-06-03,783.25,749.6308130476193,32.450000000000045,17.11178171428412,1.0,32.450000000000045,-307.39999999999964
2011-05-27,759.9,732.5190313333352,23.350000000000023,3.531539333333967,1.0,23.350000000000023,-339.8499999999997
2011-05-20,735.5,728.9874920000012,24.399999999999977,-7.99880704761722,-1.0,-24.399999999999977,-363.1999999999997
2011-05-13,706.45,736.9862990476184,29.049999999999955,-21.224613666667437,-1.0,-29.049999999999955,-338.7999999999997
2011-05-06,716.2,758.2109127142859,-9.75,-3.9053056190474535,-1.0,9.75,-309.7499999999998
2011-04-29,791.95,762.1162183333333,-75.75,26.189464999999586,1.0,-75.75,-319.4999999999998
2011-04-15,767.8,735.9267533333337,24.15000000000009,-7.465386000001558,-1.0,-24.15000000000009,-243.74999999999977
2011-04-08,792.0,743.3921393333353,-24.200000000000045,3.9788049523840527,1.0,-24.200000000000045,-219.59999999999968
2011-04-01,775.05,739.4133343809513,16.950000000000045,9.923847333332901,1.0,16.950000000000045,-195.39999999999964
2011-03-25,750.4,729.4894870476184,24.649999999999977,-10.082454952382022,-1.0,-24.649999999999977,-212.34999999999968
2011-03-18,731.4,739.5719420000004,19.0,2.348259285714221,1.0,19.0,-187.6999999999997
2011-03-11,763.75,737.2236827142862,-32.35000000000002,-26.283751285715198,-1.0,32.35000000000002,-206.6999999999997
2011-03-04,807.8,763.5074340000014,-44.049999999999955,37.74249666666731,1.0,-44.049999999999955,-239.04999999999973
2011-02-25,785.45,725.764937333334,22.34999999999991,-35.50164733333429,-1.0,-22.34999999999991,-194.99999999999977
2011-02-18,857.25,761.2665846666683,-71.79999999999995,-29.530247333330408,-1.0,71.79999999999995,-172.64999999999986
2011-02-11,813.85,790.7968319999987,43.39999999999998,28.9682519999983,1.0,43.39999999999998,-244.44999999999982
2011-02-04,815.6,761.8285800000004,-1.75,21.076611285714193,1.0,-1.75,-287.8499999999998
2011-01-28,815.9,740.7519687142862,-0.2999999999999545,-38.35580328571518,-1.0,0.2999999999999545,-286.0999999999998
2011-01-21,814.75,779.1077720000014,1.1499999999999773,43.872012000000154,1.0,1.1499999999999773,-286.39999999999975
2011-01-14,788.45,735.2357600000013,26.299999999999955,-38.50969966666685,-1.0,-26.299999999999955,-287.5499999999997
2011-01-07,755.95,773.7454596666681,32.5,109.17611433333389,1.0,32.5,-261.2499999999998
2010-12-31,803.3,664.5693453333342,-47.34999999999991,-76.1871046666655,-1.0,47.34999999999991,-293.7499999999998
2010-12-17,737.6,740.7564499999997,65.69999999999993,9.639974285714743,1.0,65.69999999999993,-341.0999999999997
2010-12-10,731.35,731.116475714285,6.25,14.160010214284853,1.0,6.25,-406.7999999999996
2010-12-03,768.85,716.9564655000001,-37.5,12.274891964285075,1.0,-37.5,-413.0499999999996
2010-11-26,676.0,704.6815735357151,92.85000000000002,46.419000535715895,1.0,92.85000000000002,-375.5499999999996
2010-11-19,702.95,658.2625729999992,-26.950000000000045,-31.65620247619222,-1.0,26.950000000000045,-468.39999999999964
2010-11-12,672.9,689.9187754761914,30.050000000000068,31.779427000001533,1.0,30.050000000000068,-495.3499999999997
2010-11-05,684.4,658.1393484761899,-11.5,31.685678476191015,1.0,-11.5,-525.3999999999997
2010-10-29,645.1,626.4536699999989,39.299999999999955,19.11648949999949,1.0,39.299999999999955,-513.8999999999997
2010-10-22,591.1,607.3371804999994,54.0,9.632620499997984,1.0,54.0,-553.1999999999997
2010-10-15,589.2,597.7045600000014,1.8999999999999773,3.5408987500006788,1.0,1.8999999999999773,-607.1999999999997
2010-10-08,587.6,594.1636612500007,1.6000000000000227,-5.445176607141889,-1.0,-1.6000000000000227,-609.0999999999997
2010-10-01,571.25,599.6088378571426,16.350000000000023,-4.898698809524376,-1.0,-16.350000000000023,-607.4999999999997
2010-09-24,558.5,604.507536666667,12.75,30.59798600000056,1.0,12.75,-591.1499999999996
2010-09-17,543.3,573.9095506666664,15.200000000000045,31.955837333331942,1.0,15.200000000000045,-603.8999999999996
2010-09-10,517.55,541.9537133333345,25.75,24.48295600000165,1.0,25.75,-619.0999999999997
2010-09-03,529.05,517.4707573333328,-11.5,15.388210666664918,1.0,-11.5,-644.8499999999997
2010-08-27,503.05,502.0825466666679,25.999999999999943,14.54732685714464,1.0,25.999999999999943,-633.3499999999997
2010-08-20,476.2,487.53521980952326,26.850000000000023,-43.23309066666627,-1.0,-26.850000000000023,-659.3499999999996
2010-08-13,477.25,530.7683104761895,-1.0500000000000114,28.475713809521437,1.0,-1.0500000000000114,-632.4999999999995
2010-08-06,487.6,502.2925966666681,-10.350000000000023,35.78785666666772,1.0,-10.350000000000023,-631.4499999999996
2010-07-30,500.0,466.50474000000037,-12.399999999999977,9.329242857142503,1.0,-12.399999999999977,-621.0999999999996
2010-07-23,466.3,457.17549714285786,33.69999999999999,-0.022019999999940865,-1.0,-33.69999999999999,-608.6999999999996
2010-07-16,448.15,457.1975171428578,18.150000000000034,11.374449999999626,1.0,18.150000000000034,-574.9999999999995
2010-07-09,456.95,445.8230671428582,-8.800000000000011,-17.357664285714293,-1.0,8.800000000000011,-593.1499999999996
2010-07-02,426.9,463.18073142857247,30.05000000000001,-24.950998571426908,-1.0,-30.05000000000001,-601.9499999999996
2010-06-25,477.2,488.1317299999994,-50.30000000000001,22.768981999998346,1.0,-50.30000000000001,-571.8999999999996
2010-06-18,490.9,465.36274800000103,-13.699999999999989,8.597238000001028,1.0,-13.699999999999989,-521.5999999999997
2010-06-11,448.25,456.76551,42.64999999999998,-15.980103333333943,-1.0,-42.64999999999998,-507.89999999999975
2010-06-04,429.8,472.74561333333395,18.44999999999999,24.27351800000116,1.0,18.44999999999999,-465.2499999999998
2010-05-28,461.85,448.4720953333328,-32.05000000000001,-69.94468466666643,-1.0,32.05000000000001,-483.69999999999976
2010-05-21,438.45,518.4167799999992,23.400000000000034,-65.13880666666739,-1.0,-23.400000000000034,-515.7499999999998
2010-05-14,526.9,583.5555866666666,-88.44999999999999,42.498206666666874,1.0,-88.44999999999999,-492.34999999999974
2010-05-07,509.2,541.0573799999997,17.69999999999999,-5.009430000000634,-1.0,-17.69999999999999,-403.89999999999975
2010-04-30,554.75,546.0668100000004,-45.55000000000001,49.133022000000835,1.0,-45.55000000000001,-386.19999999999976
2010-04-23,562.2,496.93378799999954,-7.4500000000000455,-14.00692199999878,-1.0,7.4500000000000455,-340.64999999999975
2010-04-16,531.35,510.9407099999983,30.850000000000023,19.257698571427795,1.0,30.850000000000023,-348.0999999999998
2010-04-09,512.6,491.6830114285705,18.75,31.500536666665653,1.0,18.75,-378.9499999999998
2010-03-26,454.7,460.18247476190487,57.900000000000034,2.9614033333338625,1.0,57.900000000000034,-397.6999999999998
2010-03-19,467.55,457.221071428571,-12.850000000000023,12.264433428571408,1.0,-12.850000000000023,-455.59999999999985
2010-03-12,462.25,444.9566379999996,5.300000000000011,11.576164000000063,1.0,5.300000000000011,-442.74999999999983
2010-03-05,475.4,433.38047399999954,-13.149999999999977,-6.513625999999988,-1.0,13.149999999999977,-448.04999999999984
2010-02-26,432.4,439.8940999999995,43.0,19.55345000000017,1.0,43.0,-461.1999999999998
2010-02-19,442.35,420.34064999999936,-9.950000000000045,-1.8171539999999027,-1.0,9.950000000000045,-504.1999999999998
2010-02-12,418.15,422.15780399999926,24.200000000000045,-13.127785428571428,-1.0,-24.200000000000045,-514.1499999999999
2010-02-05,398.25,435.2855894285707,19.899999999999977,-13.81351723809604,-1.0,-19.899999999999977,-489.94999999999976
2010-01-29,412.65,449.0991066666667,-14.399999999999977,12.607193333332532,1.0,-14.399999999999977,-470.0499999999998
2010-01-22,439.85,436.4919133333342,-27.200000000000045,14.540423333334502,1.0,-27.200000000000045,-455.6499999999998
2010-01-15,447.5,421.9514899999997,-7.649999999999977,21.893913333332478,1.0,-7.649999999999977,-428.44999999999976
2010-01-08,424.15,400.0575766666672,23.350000000000023,24.959799714286305,1.0,23.350000000000023,-420.7999999999998
2009-12-18,365.8,375.0977769523809,58.349999999999966,-54.51077971428646,-1.0,-58.349999999999966,-444.1499999999998
2009-12-11,360.15,429.60855666666737,5.650000000000034,-42.33989799999978,-1.0,-5.650000000000034,-385.79999999999984
2009-12-04,370.4,471.94845466666715,-10.25,24.899153333333572,1.0,-10.25,-380.1499999999998
2009-11-27,362.65,447.0493013333336,7.75,61.221782666666684,1.0,7.75,-369.8999999999998
2009-11-20,364.0,385.8275186666669,-1.3500000000000227,47.54233933333359,1.0,-1.3500000000000227,-377.6499999999998
2009-11-13,357.45,338.2851793333333,6.550000000000011,8.97185266666719,1.0,6.550000000000011,-376.2999999999998
2009-11-06,331.75,329.3133266666661,25.69999999999999,-11.723415999999986,-1.0,-25.69999999999999,-382.8499999999998
2009-10-30,321.5,341.0367426666661,10.25,-5.610056666667219,-1.0,-10.25,-357.1499999999998
2009-10-23,337.0,346.6467993333333,-15.5,30.200039333333564,1.0,-15.5,-346.8999999999998
2009-10-16,329.85,316.44675999999976,7.149999999999977,13.893939999999873,1.0,7.149999999999977,-331.3999999999998
2009-10-09,323.05,302.5528199999999,6.800000000000011,10.751649999999984,1.0,6.800000000000011,-338.5499999999998
2009-10-02,299.5,291.8011699999999,23.55000000000001,-14.784610000000384,-1.0,-23.55000000000001,-345.3499999999998
2009-09-25,294.55,306.5857800000003,4.949999999999989,5.409461428571603,1.0,4.949999999999989,-321.7999999999998
2009-09-18,304.45,301.1763185714287,-9.899999999999977,-2.2255599999998594,-1.0,9.899999999999977,-326.7499999999998
2009-09-11,294.0,303.40187857142854,10.449999999999989,8.9551052380952,1.0,10.449999999999989,-336.64999999999975
2009-09-04,295.15,294.44677333333334,-1.1499999999999773,11.845933333333392,1.0,-1.1499999999999773,-347.09999999999974
2009-08-28,290.6,282.60083999999995,4.5499999999999545,9.568861333333643,1.0,4.5499999999999545,-345.94999999999976
2009-08-21,282.25,273.0319786666663,8.350000000000023,-3.7302046666671913,-1.0,-8.350000000000023,-350.4999999999997
2009-08-14,276.6,276.7621833333335,5.649999999999977,6.934343333333743,1.0,5.649999999999977,-342.1499999999997
2009-08-07,275.1,269.82783999999975,1.5,6.645994666666638,1.0,1.5,-347.79999999999967
2009-07-31,264.8,263.1818453333331,10.300000000000011,12.218015999999835,1.0,10.300000000000011,-349.29999999999967
2009-07-24,262.95,250.96382933333328,1.8500000000000227,13.262862666666678,1.0,1.8500000000000227,-359.5999999999997
2009-07-17,249.0,237.7009666666666,13.949999999999989,-10.181432000000399,-1.0,-13.949999999999989,-361.4499999999997
2009-07-10,235.45,247.882398666667,13.550000000000011,0.25149466666675835,1.0,13.550000000000011,-347.4999999999997
2009-07-03,249.5,247.63090400000024,-14.050000000000011,4.280756000000281,1.0,-14.050000000000011,-361.0499999999997
2009-06-26,246.3,243.35014799999996,3.1999999999999886,-4.046624000000378,-1.0,-3.1999999999999886,-346.9999999999997
2009-06-19,244.75,247.39677200000034,1.5500000000000114,-59.00377866666645,-1.0,-1.5500000000000114,-343.7999999999997
2009-06-12,253.05,306.4005506666668,-8.300000000000011,60.33392933333329,1.0,-8.300000000000011,-342.2499999999997
2009-06-05,258.3,246.0666213333335,-5.25,8.36890466666705,1.0,-5.25,-333.9499999999997
2009-05-29,236.7,237.69771666666645,21.600000000000023,3.970733333333243,1.0,21.600000000000023,-328.6999999999997
2009-05-22,233.55,233.7269833333332,3.1499999999999773,-2.7354933333332383,-1.0,-3.1499999999999773,-350.2999999999997
2009-05-15,226.85,236.46247666666645,6.700000000000017,16.019547999999816,1.0,6.700000000000017,-347.14999999999975
2009-05-08,242.2,220.44292866666663,-15.349999999999994,-6.930442666666863,-1.0,15.349999999999994,-353.8499999999998
2009-05-01,213.8,227.3733713333335,28.399999999999977,-2.4568239999998696,-1.0,-28.399999999999977,-369.19999999999976
2009-04-24,235.8,229.83019533333336,-22.0,0.6892380000000173,1.0,-22.0,-340.7999999999998
2009-04-17,235.0,229.14095733333335,0.8000000000000114,16.486605999999938,1.0,0.8000000000000114,-318.7999999999998
2009-04-03,222.0,212.6543513333334,13.0,10.615707714285776,1.0,13.0,-319.5999999999998
2009-03-27,220.0,202.03864361904763,2.0,3.869173619047615,1.0,2.0,-332.5999999999998
2009-03-20,209.45,198.16947000000002,10.550000000000011,0.9633499999999913,1.0,10.550000000000011,-334.5999999999998
2009-03-13,199.5,197.20612000000003,9.949999999999989,1.7635459999999625,1.0,9.949999999999989,-345.1499999999998
2009-03-06,203.5,195.44257400000006,-4.0,-11.066055333333253,-1.0,4.0,-355.0999999999998
2009-02-27,194.95,206.50862933333332,8.550000000000011,-6.717664666666735,-1.0,-8.550000000000011,-359.0999999999998
2009-02-20,216.55,213.22629400000005,-21.600000000000023,15.878985476190536,1.0,-21.600000000000023,-350.5499999999998
2009-02-13,216.5,197.34730852380952,0.05000000000001137,2.8521358571428834,1.0,0.05000000000001137,-328.94999999999976
2009-02-06,214.2,194.49517266666663,2.3000000000000114,5.104730000000018,1.0,2.3000000000000114,-328.9999999999998
2009-01-30,195.8,189.39044266666662,18.399999999999977,2.4891110952380586,1.0,18.399999999999977,-331.2999999999998
2009-01-23,196.0,186.90133157142856,-0.19999999999998863,-5.279687333333328,-1.0,0.19999999999998863,-349.69999999999976
2009-01-16,186.35,192.18101890476188,9.650000000000006,-6.323440428571473,-1.0,-9.650000000000006,-349.89999999999975
2009-01-09,192.0,198.50445933333336,-5.650000000000006,12.925184666666667,1.0,-5.650000000000006,-340.2499999999998
2009-01-02,194.15,185.5792746666667,-2.1500000000000057,-0.14707752380951433,-1.0,2.1500000000000057,-334.5999999999998
2008-12-26,175.65,185.7263521904762,18.5,3.506238857142904,1.0,18.5,-336.74999999999983
2008-12-19,177.6,182.2201133333333,-1.9499999999999886,4.752097333333296,1.0,-1.9499999999999886,-355.24999999999983
2008-12-12,174.5,177.468016,3.0999999999999943,-9.552786238095223,-1.0,-3.0999999999999943,-353.29999999999984
2008-12-05,162.75,187.02080223809523,11.75,-13.92823442857133,-1.0,-11.75,-350.1999999999999
2008-11-28,192.45,200.94903666666656,-29.69999999999999,-11.047426666666723,-1.0,29.69999999999999,-338.4499999999999
2008-11-21,178.15,211.99646333333328,14.299999999999983,-5.440627619047717,-1.0,-14.299999999999983,-368.14999999999986
2008-11-14,215.95,217.437090952381,-37.79999999999998,14.1554558095238,1.0,-37.79999999999998,-353.8499999999999
2008-11-07,223.3,203.2816351428572,-7.350000000000023,12.635698571428634,1.0,-7.350000000000023,-316.04999999999995
2008-10-31,198.55,190.64593657142856,24.75,-2.984800047619075,-1.0,-24.75,-308.69999999999993
2008-10-24,171.0,193.63073661904764,27.55000000000001,-17.7889567619047,-1.0,-27.55000000000001,-283.94999999999993
2008-10-17,177.95,211.41969338095234,-6.949999999999989,-131.45557828571432,-1.0,6.949999999999989,-256.3999999999999
2008-10-10,194.0,342.87527166666666,-16.05000000000001,-7.075455000000034,-1.0,16.05000000000001,-263.3499999999999
2008-10-03,205.0,349.9507266666667,-11.0,-45.29039900000015,-1.0,11.0,-279.3999999999999
2008-09-26,224.55,395.24112566666685,-19.55000000000001,-0.4976004761903141,-1.0,19.55000000000001,-290.3999999999999
2008-09-19,232.3,395.73872614285716,-7.75,-83.81883976190443,-1.0,7.75,-309.94999999999993
2008-09-12,241.9,479.5575659047616,-9.599999999999994,145.23653052380905,1.0,-9.599999999999994,-317.69999999999993
2008-09-05,271.6,334.32103538095254,-29.700000000000017,11.3959563333338,1.0,-29.700000000000017,-308.0999999999999
2008-08-29,302.45,322.92507904761874,-30.849999999999966,-11.538173285714947,-1.0,30.849999999999966,-278.3999999999999
2008-08-22,285.0,334.4632523333337,17.44999999999999,-19.220828333333714,-1.0,-17.44999999999999,-309.2499999999999
2008-08-15,285.15,353.6840806666674,-0.14999999999997726,-18.53354166666651,-1.0,0.14999999999997726,-291.7999999999999
2008-08-08,329.0,372.2176223333339,-43.85000000000002,-19.89381366666646,-1.0,43.85000000000002,-291.9499999999999
2008-08-01,371.0,392.11143600000037,-42.0,-20.035817000000122,-1.0,42.0,-335.7999999999999
2008-07-25,386.95,412.1472530000005,-15.949999999999989,-38.71022866666499,-1.0,15.949999999999989,-377.7999999999999
2008-07-18,412.3,450.8574816666655,-25.350000000000023,-1.7998971666676198,-1.0,25.350000000000023,-393.7499999999999
2008-07-11,455.3,452.6573788333331,-43.0,1.1493478333333655,1.0,-43.0,-419.0999999999999
2008-07-04,459.7,451.50803099999973,-4.399999999999977,-6.061250571428843,-1.0,4.399999999999977,-376.0999999999999
2008-06-27,470.0,457.5692815714286,-10.300000000000011,2.3307065238095674,1.0,-10.300000000000011,-380.4999999999999
2008-06-20,474.25,455.238575047619,-4.25,2.1769699523812847,1.0,-4.25,-370.1999999999999
2008-06-13,452.7,453.0616050952377,21.55000000000001,20.33355926190484,1.0,21.55000000000001,-365.9499999999999
2008-06-06,433.0,432.7280458333329,19.69999999999999,-14.096227833333216,-1.0,-19.69999999999999,-387.4999999999999
2008-05-30,436.2,446.8242736666661,-3.1999999999999886,28.702580833333172,1.0,-3.1999999999999886,-367.7999999999999
2008-05-23,454.6,418.12169283333293,-18.400000000000034,-14.887044595238137,-1.0,18.400000000000034,-364.5999999999999
2008-05-16,447.2,433.00873742857107,7.400000000000034,12.391977928571691,1.0,7.400000000000034,-382.99999999999994
2008-05-09,445.25,420.6167594999994,1.9499999999999886,-14.913229928572378,-1.0,-1.9499999999999886,-390.4
2008-05-02,419.5,435.52998942857175,25.75,-22.01886307142763,-1.0,-25.75,-388.45
2008-04-25,442.4,457.5488524999994,-22.899999999999977,1.5896701666657123,1.0,-22.899999999999977,-362.7
2008-04-18,460.0,455.9591823333337,-17.600000000000023,5.140786119048073,1.0,-17.600000000000023,-339.8
2008-04-11,472.25,450.8183962142856,-12.25,2.6807910476193797,1.0,-12.25,-322.2
2008-04-04,444.35,448.1376051666662,27.899999999999977,-8.913301714286433,-1.0,-27.899999999999977,-309.95
2008-03-28,444.4,457.05090688095265,-0.049999999999954525,-44.93184945238022,-1.0,0.049999999999954525,-282.05
2008-03-14,511.7,501.9827563333329,-67.30000000000001,51.39299883333274,1.0,-67.30000000000001,-282.09999999999997
2008-03-07,491.8,450.58975750000013,19.899999999999977,-21.534798333333754,-1.0,-19.899999999999977,-214.79999999999995
2008-02-29,571.95,472.1245558333339,-80.15000000000003,55.33033700000021,1.0,-80.15000000000003,-194.89999999999998
2008-02-22,515.85,416.7942188333337,56.10000000000002,-4.612682833333679,-1.0,-56.10000000000002,-114.74999999999994
2008-02-15,451.7,421.40690166666735,64.15000000000003,13.17155061904873,1.0,64.15000000000003,-58.64999999999992
2008-02-08,440.85,408.2353510476186,10.849999999999966,25.25722867460263,1.0,10.849999999999966,-122.79999999999995
2008-02-01,417.05,382.978122373016,23.80000000000001,7.323877230158814,1.0,23.80000000000001,-133.64999999999992
2008-01-25,385.45,375.6542451428572,31.600000000000023,-1.5306308571426825,-1.0,-31.600000000000023,-157.44999999999993
2008-01-18,375.05,377.18487599999986,10.399999999999977,4.051334238094967,1.0,10.399999999999977,-125.84999999999991
2008-01-11,381.3,373.1335417619049,-6.25,10.626122976190345,1.0,-6.25,-136.2499999999999
2008-01-04,377.75,362.50741878571455,3.5500000000000114,8.056670619047509,1.0,3.5500000000000114,-129.9999999999999
2007-12-28,370.05,354.45074816666704,7.699999999999989,1.2928730952381216,1.0,7.699999999999989,-133.5499999999999
2007-12-21,357.65,353.1578750714289,12.400000000000034,4.292792738095329,1.0,12.400000000000034,-141.2499999999999
2007-12-14,353.5,348.8650823333336,4.149999999999977,1.5463340000002859,1.0,4.149999999999977,-153.64999999999992
2007-12-07,343.3,347.3187483333333,10.199999999999989,-19.057077714286322,-1.0,-10.199999999999989,-157.7999999999999
2007-11-30,348.65,366.3758260476196,-5.349999999999966,0.2799769047620657,1.0,-5.349999999999966,-147.5999999999999
2007-11-23,361.5,366.09584914285756,-12.850000000000023,-10.06942333333302,-1.0,12.850000000000023,-142.24999999999994
2007-11-16,365.85,376.1652724761906,-4.350000000000023,3.658981603174766,1.0,-4.350000000000023,-155.09999999999997
2007-11-09,376.25,372.5062908730158,-10.399999999999977,7.236160587301356,1.0,-10.399999999999977,-150.74999999999994
2007-11-02,377.4,365.27013028571446,-1.1499999999999773,-3.1447074444442933,-1.0,1.1499999999999773,-140.34999999999997
2007-10-26,375.75,368.41483773015875,1.6499999999999773,-0.08705846031779174,-1.0,-1.6499999999999773,-141.49999999999994
2007-10-19,372.5,368.50189619047654,3.25,22.244816833333573,1.0,3.25,-139.84999999999997
2007-10-12,379.5,346.25707935714297,-7.0,0.02844485714268785,1.0,-7.0,-143.09999999999997
2007-10-05,369.5,346.2286345000003,10.0,3.4356611666665913,1.0,10.0,-136.09999999999997
2007-09-28,351.95,342.7929733333337,17.55000000000001,-2.7411218333332954,-1.0,-17.55000000000001,-146.09999999999997
2007-09-21,339.05,345.534095166667,12.899999999999977,-0.6393776666664053,-1.0,-12.899999999999977,-128.54999999999995
2007-09-14,330.0,346.1734728333334,9.050000000000011,0.4725751190479741,1.0,9.050000000000011,-115.64999999999998
2007-09-07,336.55,345.7008977142854,-6.550000000000011,5.068505380952331,1.0,-6.550000000000011,-124.69999999999999
2007-08-31,333.5,340.6323923333331,3.0500000000000114,-25.801400023809947,-1.0,-3.0500000000000114,-118.14999999999998
2007-08-24,331.8,366.43379235714303,1.6999999999999886,2.7796425476191757,1.0,1.6999999999999886,-115.09999999999997
2007-08-17,329.75,363.65414980952386,2.0500000000000114,-16.09437177777778,-1.0,-2.0500000000000114,-116.79999999999995
2007-08-10,358.2,379.74852158730164,-28.44999999999999,6.861560666666662,1.0,-28.44999999999999,-114.74999999999994
2007-08-03,367.05,372.886960920635,-8.850000000000023,-0.4236486666666792,-1.0,8.850000000000023,-86.29999999999995
2007-07-27,363.7,373.31060958730166,3.3500000000000227,1.006708619047913,1.0,3.3500000000000227,-95.14999999999998
2007-07-20,374.75,372.30390096825374,-11.050000000000011,0.8300497142857353,1.0,-11.050000000000011,-98.5
2007-07-13,371.45,371.473851253968,3.3000000000000114,2.3586287777779944,1.0,3.3000000000000114,-87.44999999999999
2007-07-06,368.95,369.11522247619,2.5,-4.137941857143289,-1.0,-2.5,-90.75
2007-06-29,368.5,373.2531643333333,0.44999999999998863,4.0589943015872905,1.0,0.44999999999998863,-88.25
2007-06-22,377.85,369.194170031746,-9.350000000000023,0.7116873650793991,1.0,-9.350000000000023,-88.69999999999999
2007-06-15,369.25,368.4824826666666,8.600000000000023,-1.281319841269692,-1.0,-8.600000000000023,-79.34999999999997
2007-06-08,365.6,369.7638025079363,3.6499999999999773,-2.036193555555826,-1.0,-3.6499999999999773,-70.74999999999994
2007-06-01,372.2,371.79999606349213,-6.599999999999966,2.8343714761903698,1.0,-6.599999999999966,-67.09999999999997
2007-05-25,367.8,368.96562458730176,4.399999999999977,-0.06619707936516761,-1.0,-4.399999999999977,-60.5
2007-05-18,365.25,369.03182166666693,2.5500000000000114,-8.137711730158514,-1.0,-2.5500000000000114,-56.10000000000002
2007-05-11,368.65,377.16953339682544,-3.3999999999999773,0.8906974285711726,1.0,-3.3999999999999773,-53.55000000000001
2007-05-04,377.0,376.27883596825427,-8.350000000000023,0.6074030952382259,1.0,-8.350000000000023,-50.150000000000034
2007-04-27,374.45,375.67143287301604,2.5500000000000114,5.56461053968269,1.0,2.5500000000000114,-41.80000000000001
2007-04-20,388.25,370.10682233333335,-13.800000000000011,13.287231499999677,1.0,-13.800000000000011,-44.35000000000002
2007-04-13,381.05,356.8195908333337,7.199999999999989,8.304399309524001,1.0,7.199999999999989,-30.55000000000001
2007-03-30,357.25,348.5151915238097,23.80000000000001,-2.2108509761906134,-1.0,-23.80000000000001,-37.75
2007-03-23,355.8,350.7260425000003,1.4499999999999886,-1.1165357380949104,-1.0,-1.4499999999999886,-13.949999999999989
2007-03-16,348.1,351.8425782380952,7.699999999999989,3.7782862380949496,1.0,7.699999999999989,-12.5
2007-03-09,352.0,348.06429200000025,-3.8999999999999773,-4.547198333333597,-1.0,3.8999999999999773,-20.19999999999999
2007-03-02,346.1,352.61149033333385,5.899999999999977,9.66022433333336,1.0,5.899999999999977,-24.099999999999966
2007-02-23,358.1,342.9512660000005,-12.0,-3.043175666666343,-1.0,12.0,-29.999999999999943
2007-02-16,341.8,345.99444166666683,16.30000000000001,2.978460809523824,1.0,16.30000000000001,-41.99999999999994
2007-02-09,341.65,343.015980857143,0.1500000000000341,-2.1445106666665765,-1.0,-0.1500000000000341,-58.299999999999955
2007-02-02,338.25,345.1604915238096,3.3999999999999773,1.5468626666665273,1.0,3.3999999999999773,-58.14999999999992
2007-01-26,350.95,343.61362885714306,-12.699999999999989,8.879810190476292,1.0,-12.699999999999989,-61.5499999999999
2007-01-19,344.9,334.73381866666676,6.050000000000011,-0.35642257142870903,-1.0,-6.050000000000011,-48.84999999999991
2007-01-12,334.95,335.0902412380955,9.949999999999989,8.849773730158802,1.0,9.949999999999989,-42.7999999999999
2007-01-05,335.1,326.24046750793667,-0.1500000000000341,0.9692961428572175,1.0,-0.1500000000000341,-52.749999999999886
2006-12-29,338.5,325.27117136507945,-3.3999999999999773,0.1293093333334241,1.0,-3.3999999999999773,-52.59999999999985
2006-12-22,322.7,325.14186203174603,15.800000000000011,-3.307266896825979,-1.0,-15.800000000000011,-49.199999999999875
2006-12-15,321.05,328.449128928572,1.6499999999999773,0.2371926428572806,1.0,1.6499999999999773,-33.399999999999864
2006-12-08,329.55,328.2119362857147,-8.5,1.353188333333776,1.0,-8.5,-35.04999999999984
2006-12-01,327.75,326.85874795238095,1.8000000000000114,5.02715030952379,1.0,1.8000000000000114,-26.54999999999984
2006-11-24,326.0,321.83159764285716,1.75,-8.950662642857594,-1.0,-1.75,-28.349999999999852
2006-11-17,317.95,330.78226028571476,8.050000000000011,-1.0025852380951505,-1.0,-8.050000000000011,-26.599999999999852
2006-11-10,330.7,331.7848455238099,-12.75,6.631012468254312,1.0,-12.75,-18.54999999999984
2006-11-03,335.1,325.1538330555556,-4.400000000000034,-5.820302349206372,-1.0,4.400000000000034,-5.799999999999841
2006-10-27,323.0,330.97413540476197,12.100000000000023,8.216897880952445,1.0,12.100000000000023,-10.199999999999875
2006-10-20,330.5,322.7572375238095,-7.5,-30.77899300000007,-1.0,7.5,-22.299999999999898
2006-10-13,315.95,353.5362305238096,14.550000000000011,6.500479285714221,1.0,14.550000000000011,-29.799999999999898
2006-10-06,300.25,347.0357512380954,15.699999999999989,19.38786085714287,1.0,15.699999999999989,-44.34999999999991
2006-09-29,316.4,327.6478903809525,-16.149999999999977,14.01449709523797,1.0,-16.149999999999977,-60.0499999999999
2006-09-22,317.85,313.63339328571453,-1.4500000000000455,-2.189570571428419,-1.0,1.4500000000000455,-43.89999999999992
2006-09-15,310.6,315.82296385714295,7.25,-22.360312571428892,-1.0,-7.25,-45.349999999999966
2006-09-08,328.6,338.18327642857184,-18.0,-1.8413929047618467,-1.0,18.0,-38.099999999999966
2006-09-01,344.1,340.0246693333337,-15.5,2.828669333333039,1.0,-15.5,-56.099999999999966
2006-08-25,345.8,337.19600000000065,-1.6999999999999886,13.507273666667572,1.0,-1.6999999999999886,-40.599999999999966
2006-08-18,334.3,323.6887263333331,11.5,-1.2344671666670592,-1.0,-11.5,-38.89999999999998
2006-08-11,322.3,324.92319350000014,12.0,5.058774500000595,1.0,12.0,-27.399999999999977
2006-08-04,327.5,319.86441899999954,-5.199999999999989,-0.05463666666713607,-1.0,5.199999999999989,-39.39999999999998
2006-07-28,314.15,319.9190556666667,13.350000000000023,-4.886725333333061,-1.0,-13.350000000000023,-44.599999999999966
2006-07-21,311.8,324.80578099999974,2.349999999999966,-0.8374957857147933,-1.0,-2.349999999999966,-31.249999999999943
2006-07-14,334.5,325.64327678571453,-22.69999999999999,7.086167095238409,1.0,-22.69999999999999,-28.899999999999977
2006-07-07,329.15,318.5571096904761,5.350000000000023,5.231445404761871,1.0,5.350000000000023,-6.199999999999989
2006-06-30,323.5,313.32566428571425,5.649999999999977,7.255475619047331,1.0,5.649999999999977,-11.550000000000011
2006-06-23,306.3,306.0701886666669,17.19999999999999,-10.773334095237942,-1.0,-17.19999999999999,-17.19999999999999
2006-06-16,302.05,316.84352276190486,4.25,,,,
